"","Protein","KG077","KG106","KG122","QL136","QL151","QL185","QL229","QL236","QL304","QL306","RH006","RH060","RH063","RH097","T022","T054","T157","T162","T166","T319","YG055","YG056","YG082","YG135","KG022","KG024","KG038","KG049","KG079","KG081","KG123","KG133","KG137","QL111","QL116","QL137","QL139","QL149","QL175","QL184","QL186","QL228","QL234","QL305","QL307","QL314","QL330","QL331","QL333","QL398","QL453","QL456","RH056","RH065","RH101","RH124","T149","T159","T161","T219","T221","T245","T331","T336","T376","T377","T382","T397","YG054","YG080","YG186","YG202","KG083","KG105","KG143","QL132","QL321","QL328","QL411","QL449","RH003","RH011","T023","T053","T153","T218","T242","T243","T372","YG017","YG044","YG045","YG081","YG121","YG136","KG078","KG082","KG101","QL106","QL110","QL133","QL135","QL140","QL170","QL172","QL327","QL406","RH057","RH122","T158","T165","T222","T241","T249","T320","T321","T323","T333","T339","KG135","KG139","KG142","QL108","QL112","QL144","QL147","QL152","QL235","QL240","QL243","QL315","QL319","QL412","QL454","QL455","RH055","T019","T049","T050","T145","T150","T225","T251","T398","YG018","YG077","KG036","KG050","KG102","KG107","KG117","KG121","QL114","QL141","QL145","QL227","QL230","QL233","QL309","QL318","QL332","QL400","QL402","QL404","QL407","QL448","RH007","RH061","RH100","T021","T058","T146","T167","T341","YG022","YG030","YG070","YG072","YG187","KG037","KG051","KG103","KG118","KG119","QL107","QL115","QL134","QL143","QL148","QL156","QL174","QL226","QL242","QL308","QL311","QL312","QL313","QL326","QL408","QL410","QL415","RH010","RH064","RH096","RH098","RH104","RH117","RH120","RH121","RH125","T017","T147","T151","T163","T217","T223","T226","T247","T324","T325","T329","T340","T378","T399","T402","YG169","YG170","KG141","QL142","QL154","QL173","QL239","QL329","QL403","QL414","QL416","QL451","T154","T381","YG019","YG031","YG168","QL130","QL320","QL405","RH009","RH102","T327","YG120","YG203","RH119","T051","T250","YG084","YG085","YG086","YG125","YG127","YG129","YG137","QL138","QL155","QL316","T337","YG123","YG124","KG134","KG138","QL131","QL146","QL150","QL153","QL171","QL231","QL232","QL237","QL238","QL241","QL325","QL397","QL401","QL450","QL452","RH002","RH005","RH059","RH099","RH103","RH118","RH123","T013","T014","T015","T018","T055","T057","T155","T227","T246","T328","T332","T373","T374","T403","T405","T406","YG020","YG021","YG029","YG043","YG071","YG075","YG076","YG188","BINCODE","NAME","bin_arch"
"1","eucgr.i01374.1.p",51.66699778,41.61608099,42.66345368,122.1337043,33.69986955,124.0367022,66.04249835,134.1078414,34.26961012,34.50420304,248.5848686,138.8092519,298.7966739,76.4992086,104.9938412,29.78987683,135.5719433,104.9229126,68.70813537,39.53822441,64.28138755,60.98975829,34.88843517,87.8990733,76.78253157,84.80855273,64.63443907,83.02058588,81.40267562,100.671799,55.92533973,45.59971081,72.0410466,32.42444971,22.9658685,52.33341749,91.56188543,36.35833896,73.66968405,93.0895916,44.49785097,155.1247564,83.88249182,52.65639532,69.82004095,73.12088795,113.6817632,78.57923717,40.32188652,98.50547178,52.03822595,112.7682948,163.8090639,96.61118114,115.9813036,121.3785326,36.54325921,46.27979493,113.1892199,129.138622,145.4027906,200.995142,129.6337066,225.7587269,102.5032086,63.15846808,157.6756066,74.90292409,32.63512848,102.8517791,29.89517267,103.8948411,105.6675554,48.68790342,111.955711,56.03456322,63.10404686,66.62720112,143.4939558,93.04142879,204.6358537,133.2079152,72.32563933,25.63610045,55.11732656,40.36128685,52.15215275,126.329494,116.9747372,32.20228254,98.6660359,60.81958034,67.04022181,47.11154824,59.51546387,73.25053758,157.5629037,59.48174923,73.37335469,55.73656367,92.3275011,77.1114446,75.04034675,76.5475532,62.91664033,106.2964542,137.8171068,147.6047087,109.6118024,53.02040072,64.7223751,143.3079752,104.3040464,48.2565644,62.68210622,52.44863067,143.1575006,59.81756135,196.7877756,84.34542682,66.04421996,115.9740194,56.67231704,33.19603085,46.24284436,30.00494657,39.73181303,79.5706702,99.66020908,50.66902257,55.48573573,74.71947281,168.1911186,74.07134461,101.2056738,233.6084338,37.94777478,37.08965354,39.56867301,64.58496001,73.59397226,103.3342905,126.1725919,73.46274305,84.53705284,62.38200551,98.38849997,143.9966772,23.41504065,38.51916606,52.38058085,30.73788932,35.20489859,49.36130322,39.50169924,168.1190762,166.8116329,125.9806191,33.91920834,85.0894073,99.05714465,112.3511041,95.89542527,38.32811098,77.12917559,130.4204422,279.7697041,181.7161166,36.83338423,90.74204483,88.7474222,45.85405269,43.53037574,195.732482,88.22831861,23.66649268,88.29191847,45.3265805,99.94187546,101.6153584,213.5165786,97.58759902,105.0568227,86.64034991,109.1401091,120.1837533,49.33735712,63.30938983,148.8924843,38.09475769,92.41732679,118.5673774,188.5765583,49.79052946,58.34326135,29.17436547,120.570275,106.7082311,103.3605424,279.8208333,131.3080669,197.9745228,193.489247,212.5989882,115.7803077,205.0949391,133.3203275,125.8890505,118.9327304,182.502812,100.4675014,67.22534001,19.66132723,81.08947859,181.5626483,56.27426067,168.3739409,314.2762471,102.2805905,49.36308033,35.04545338,217.042567,156.661591,42.3161872,110.9805076,85.20765808,73.21239322,133.3141848,115.3759821,56.72595891,136.8361447,186.3301081,103.4944431,152.0866237,139.8112337,71.8152151,130.2074577,104.1534561,257.5781585,55.3315289,36.65134562,49.96901272,183.6830417,84.19847298,104.6962417,247.1990013,253.9159843,102.1842685,136.1874557,132.06438,159.282768,138.1935624,276.7866243,39.63894239,101.1477198,64.05178499,205.4948365,129.7089075,120.2334432,77.29834289,75.88670393,71.37726985,78.87490802,113.1560433,95.79891028,113.8427817,115.7047901,88.62658307,135.2391099,63.66625615,37.70135482,23.74491044,37.83823235,92.04565445,99.80985948,31.2066106,85.16343705,42.33579418,81.91510979,82.35749895,78.87926286,78.95536675,33.27524147,176.951254,63.42751414,173.4046732,33.52579023,92.69169132,87.50376377,119.4223583,51.94846318,46.72946447,62.01787025,50.18986164,62.49184789,43.80887314,57.69162656,50.33543462,62.63667146,84.09070024,58.63373354,94.69059188,83.25957151,31.143982,47.188514,68.99358564,43.71786541,135.3845858,15.64580805,55.47416395,43.23684139,34.95057704,69.92107542,81.31598397,"_1.3.5_","PS.calvin cycle.TPI","_1.3_"
"2","eucgr.h01016.1.p",0.802998269,2.258214723,0.146051916,0.545017053,0.688821452,1.729734515,0.71377392,0.193683969,0.559944067,0.134657173,2.910932232,0.899031033,3.2156687,1.32962168,3.539230885,0.735609804,1.632152046,2.140298357,2.019257491,0.367685109,2.684129014,2.933058667,0.296807024,3.327420293,2.195467096,1.101912275,1.210672303,2.053897463,0.916226714,1.924404687,0.406026409,0.586123034,0.949165137,0.793779512,0.43674679,0.396801317,0.022093826,0.588606076,2.073497008,0.403129377,0.650428939,0.350587408,0.935377721,0.177006797,0.710854732,0.977761514,0.21862398,0.860471708,0.549225543,1.31878216,1.62000387,1.058926785,1.765835301,0.382733604,2.219253994,0.377821528,0.81007535,0.322956386,2.147681426,0.466227152,0.524306216,1.059182114,3.437932095,1.876617376,1.78674845,0.274712984,1.855992448,2.404667837,0.38246337,0.20860405,1.155795192,1.047416561,1.99249962,1.450134588,1.473469785,1.158941178,0.480967882,0.478729664,0.280771205,2.489185279,5.355110338,1.183651102,1.887067592,1.811247819,0.889948153,0.224870414,0.313036356,0.370518355,1.559936457,0.651620323,0.327042391,0.759846884,0.154108389,2.439848963,3.204315639,0.493356981,1.5136312,1.439070102,1.908353221,0.765836942,0.627221545,0.929204849,0.021380589,0.068797464,1.259464569,1.334267289,0.377312595,0.992411026,0.934314577,0.812164077,1.486092838,0.949913152,0.966974209,0.263989466,1.401818761,0.614752743,1.153704643,0.453131058,0.680404868,0.561004802,6.869050474,2.158323659,1.06264679,1.358588638,0.03857445,0.06811576,0.673193501,0.619540747,1.114026436,0.875215999,1.264091433,0.871041578,0.939197081,1.763985816,1.209611339,1.039089778,1.287680505,2.274388909,1.773497631,3.186241335,1.787519297,1.393134497,0.657108703,2.663332881,1.300625487,0.654849082,1.348745691,1.835346657,0.672109993,3.504525517,0.438294664,2.504454494,0.432120926,0.036370806,0.017933601,0.514672105,2.928609929,1.209551435,0.513741082,0.44032586,0.619478656,0.59602584,1.44908942,1.286233858,0.190423088,2.002449533,1.157457441,0.978529093,0.199075757,15.97853636,0.934308879,3.207433222,0.212673569,3.155799668,0.370706444,0.402844667,2.062283644,2.778846526,1.435232593,3.722683988,3.801723862,3.569376968,3.914388717,3.647021191,3.089273847,1.086205332,0.200915711,0.015042487,3.302173167,1.19859516,2.967339011,2.362070569,2.928548656,2.055673457,0.231768395,0.540771184,2.189036867,1.732431708,0.343431236,4.137060075,0.938971004,5.977936015,3.007934155,4.10096132,2.601090756,3.468341385,7.28815809,4.616618116,0.991797755,2.933523449,6.272408549,0.04157921,0.861551251,3.300350106,0.162101388,0.495316027,4.53136564,0.204891265,2.187900367,0.796830605,2.155112058,0.817675297,2.295543259,1.424546863,5.004664949,0.699424373,2.905732118,4.505522404,0.070765076,1.051291173,1.79301626,0.030179793,0.036654431,1.689691842,0.028241524,0.7822799,0.133943612,6.586871428,2.792344924,1.445567129,0.024644076,1.052546111,3.359630939,1.928998338,2.112307457,2.614494802,6.016799863,3.443705178,13.64976284,1.554987879,7.228026805,5.112332267,3.854781804,2.355840783,3.169306349,3.135886021,5.037434199,2.373244292,4.699959752,6.148904511,1.57982768,1.381865922,1.98396431,1.701779413,2.664091295,2.560794093,0.414081963,1.123504846,0.497994155,0.031693347,0.208841483,0.163252185,0.164866399,0.514352331,0.507595021,0.124556605,0.414905366,0.15297384,0.210225011,0.746258153,0.582633524,0.899647999,0.506420401,1.633685528,0.35795958,1.550113563,0.336393074,0.920763737,0.513091879,0.413082549,1.636872797,0.67133883,2.633076027,0.385759579,0.385126956,4.206462757,0.428235537,0.552376229,0.454991809,0.866494491,0.906197451,0.54074955,0.542643303,0.731383986,1.559331213,1.186923763,0.414047701,0.240102175,1.100444064,0.187781988,0.337206838,0.136908064,0.356414646,0.452540086,"_1.3_","PS.calvin cycle","_1.3_"
"3","eucgr.b02310.1.p",0.32983732,1.248444068,1.331001703,15.28990407,0.292799482,0.935896818,6.115994806,19.67464255,0.742878086,0.355997731,14.19353915,1.228574722,8.528691706,2.430395488,135.5977361,37.79057107,69.09015366,68.06070976,78.34711069,1.628322972,0.371902349,2.802814416,0.787472035,2.796086327,0.713939092,0.413669064,0.271413379,2.086146458,0.438206911,0.759652246,0.82681101,1.204291846,1.720589163,0.329410883,0.458444537,7.192012505,1.595359068,0.914460947,1.384017521,0.670125957,0.400734823,1.695090886,2.271595742,0.694156104,0.384419258,0.508898229,0.68728468,0.955500395,1.181398077,3.677867213,1.312826313,5.709555269,6.5764578,3.846780492,16.84077842,5.372093576,42.8919128,29.25119441,76.60873523,1.286916644,174.3128782,5.103189974,2.903401395,4.106142024,3.90224362,1.509543279,11.26854065,126.6202813,1.961226221,2.398111564,0.441879797,0.88197596,2.646055391,1.929657437,0.904654773,2.838399603,1.264682772,7.997315039,13.64453534,3.206274016,2.219393287,7.658912925,80.32257732,34.24920158,33.12071739,52.28702295,6.901735744,11.01844915,17.5352784,1.239533888,14.79688939,1.353059081,0.808170952,2.145238525,1.668304214,2.082349794,2.991463652,0.987075487,2.524868926,0.775160951,2.48509398,5.229175398,1.382486788,2.077998027,0.917470921,8.33969614,26.4548795,6.966183862,4.055748849,34.79632558,56.10699475,149.6288659,13.56366379,2.628416166,27.73442597,23.33039429,105.6346653,1.741091506,10.50122826,0.452430202,2.956914106,1.641037555,1.215076352,1.026261079,0.940832164,0.400185202,0.601879463,1.395362269,10.2181487,0.901597038,1.539624292,2.249396104,6.600503976,9.066819299,9.418091249,4.640133649,42.32611512,33.50925722,36.5086265,2.295005905,123.7219973,187.1318222,19.85774763,113.7664732,2.673323792,1.33494766,1.303262748,1.923125959,0.428666441,0.789545923,1.835501945,0.216788836,1.986049659,1.867356209,0.240178486,0.919345775,3.352195688,2.570390431,0.538123929,0.798492015,1.334498114,2.727126948,3.863889593,0.960228495,2.029921569,3.565459557,5.284837479,1.794405785,0.481087118,173.6627224,2.159087378,0.877900335,75.13461583,10.02549376,0.970021311,172.8714762,1.374118289,0.399705389,1.46283617,2.83613832,1.473399473,8.646966645,1.765928825,0.918052022,4.028785547,2.113873617,1.22356243,0.810195107,3.604333573,0.505562421,0.832404042,3.205623826,2.425585308,2.781402159,4.432243149,0.728916525,0.942389603,1.264947059,1.424961058,8.044343356,9.49142867,1.185189423,14.90114267,14.71535375,10.32016562,14.02642675,2.015636537,13.47101581,3.617432856,8.47154928,178.5351341,4.350515908,0.618454674,1.835059329,13.40109738,37.25686839,1.617706981,15.68254411,1.072073313,0.622460232,0.469422952,5.394224014,19.92656216,4.339010614,214.2082287,0.872912854,0.512053025,8.957806709,1.207576016,1.146824874,9.227390421,8.622934083,10.18082113,2.181580224,5.481218895,4.110318398,4.349593988,3.007179089,20.6640889,2.025947168,49.97017281,0.550046784,5.018967674,1.185341713,5.571785309,2.23530937,6.306880723,3.587972576,20.13913836,2.746191955,3.947416095,13.71007105,9.707914783,0.915812323,1.63482079,1.694432537,2.662300995,3.167569405,2.218264504,1.950021042,4.242131443,6.033568958,1.576755015,2.597344872,1.769807314,2.375895297,11.53852381,1.532825432,16.70516626,1.180039498,1.168871815,0.673386509,0.717379786,0.796353292,2.053629553,2.973931286,7.595563439,3.753803748,1.69334463,3.16817548,2.573509127,2.973441223,1.712246018,6.1919662,4.53465929,11.63797486,1.901230235,3.665834326,10.63614326,11.96018945,95.4363873,58.18893407,91.06289082,52.31805099,70.79368851,1.96120837,35.26861651,76.37453819,2.560799088,34.52265435,5.180926105,10.5531331,4.098575162,44.4575026,92.22312834,106.3412691,1.490600606,1.752505203,121.9300441,2.245238447,1.494284598,0.722649397,0.674647349,1.245227511,"_1.3.13_","PS.calvin cycle.rubisco interacting","_1.3_"
"4","eucgr.k03545.1.p",2.709151341,3.763579606,0.035566191,11.72833693,0.008091894,2.143912502,7.9993186,0.202606606,2.35769369,1.936734594,0.122199989,3.851707496,15.76288838,0.019567441,4.298875273,1.187253431,5.876775523,8.768627575,10.38482158,0.65441655,6.407250892,3.270934871,0.024038488,6.775322026,4.474291676,1.986456363,0.698516784,11.5488826,1.856822604,7.688822488,0.025748641,0.032150974,2.141710758,0.894733161,0.465083235,4.084803925,0.021103419,0.025829493,2.191822091,1.109672635,1.594247211,7.544703362,6.59449606,2.851642334,5.814551479,0.165612606,0.041907941,0.032996035,0.073087601,1.969303166,1.928205169,4.258165024,11.52724056,0.812931366,7.266893302,4.129723207,1.425496429,0.750964406,5.731465122,1.785477785,2.359134519,6.812530911,26.09315679,19.28141962,4.751015866,4.961923347,7.138814104,4.440585103,0.606070597,0.029974224,0.047614949,0.071361142,7.374717672,2.121689102,1.333060859,3.592584014,0.038003361,0.054366189,0.097128172,1.214603345,0.094343423,0.097125111,1.941355678,0.991698759,1.128387125,0.72180623,5.841194208,9.066194426,11.88992302,0.011101418,6.394866562,5.19693123,0.027461455,2.913731663,6.20016251,0.810159463,3.944683081,0.109498104,0.482083966,0.604983689,7.2399123,10.8040016,0.068852303,0.794812569,0.531301587,0.221859158,0.078410304,3.524973973,5.731097654,1.727225022,2.910485855,3.058594148,6.429607302,5.395217773,3.831129996,1.571218127,4.511932436,2.950711359,13.96777812,0.114406841,7.19105431,2.041432627,0.39590928,0.460476687,0.702729075,0.22027636,0.077894901,0.110873056,0.170222449,0.084983813,0.058123477,0.105812198,0.084371511,1.023448278,1.231207892,3.008351602,0.770796268,1.318132802,0.94551112,5.82087784,2.704148343,2.038836385,15.32103648,3.643294778,0.049404738,12.69051423,0.604489992,8.19443466,0.03901521,6.902637867,0.713401928,0.053146165,0.141264267,0.052807794,0.634259757,12.13980728,20.02978553,11.68627793,3.438909768,0.094613846,0.063041739,0.564377581,1.067939919,2.290415465,0.037205105,2.258146347,0.127337538,2.302970295,0.374747296,17.85130118,0.714468827,8.195444443,0.323359838,33.76310462,0.106575526,0.028833902,2.216135349,8.084397755,0.057552688,4.238477889,13.1679201,0.092850688,9.353300289,10.06053556,1.486489199,0.490530626,2.246587076,1.417203606,0.163036746,0.030317516,2.201881934,23.57062556,0.200307125,9.962782253,6.436795601,5.053215392,0.15308881,0.076183763,0.067610681,0.303023213,0.122673296,0.409834723,14.76313444,7.401894708,3.892735357,9.43389841,33.4444324,19.91961335,14.20744128,18.6283275,7.831647435,5.150421626,1.721891406,12.31669954,8.021007014,1.834163163,11.39206673,16.52566801,9.353188728,1.350822291,4.544225169,22.81640729,24.90812635,3.815876249,13.28684632,0.069968636,0.076177662,7.797727419,0.552800319,0.113540753,5.557316062,12.01228754,4.638985255,5.285732609,6.265770777,3.133280108,4.77715826,18.90275639,33.0453212,0.041112475,0.045924886,0.039636237,35.76590976,0.111385636,3.133970974,0.327423166,23.49794638,8.929910634,12.69084062,0.185428847,33.03125224,4.932236945,34.00451756,0.10141397,0.174509707,0.108588509,0.236905125,17.18599642,31.87359068,7.30061339,13.25564928,4.326617997,0.097673346,11.99456446,0.241293156,0.157633997,0.170116567,0.768467779,5.765424015,0.293650144,0.065216724,0.061275439,0.210229384,7.030810265,6.839815694,0.034523358,0.230357571,0.045089761,0.046028914,0.771678862,0.581298299,0.596324378,0.569548218,0.092399091,0.050319403,2.658600764,0.423883617,0.094026142,5.891867599,4.274432307,1.156309647,0.451895221,1.98977382,0.532800395,0.185507312,3.526852409,0.831064549,0.631760376,4.193667752,1.686415395,7.195172245,3.988600582,6.274697162,1.732958362,1.097598386,0.857229161,0.115576606,0.114857012,0.067301702,3.58050803,0.31506312,2.613774333,8.474464757,0.104544368,"_1.3_","PS.calvin cycle","_1.3_"
"5","eucgr.f01793.1.p",637.2973271,880.2608659,872.6869562,1211.551345,423.0375935,1373.673789,1035.367443,1639.252206,597.365008,742.8862754,2368.894554,1258.032679,2279.097989,887.8656922,1955.481484,672.3950113,2726.303176,2437.341814,1325.836276,608.4070737,1287.473592,1410.494387,463.3108272,1667.324691,1013.725608,726.9546486,682.1382955,1686.009207,1037.908905,1788.969284,711.5704308,641.0637603,1010.726702,560.319398,341.6722752,734.2932308,1029.37642,616.7818738,955.3254836,965.285964,567.7486202,1912.400789,976.3287254,1219.821771,1218.813681,1227.486371,1031.044058,407.5838662,323.6799593,851.8786835,668.9610275,1006.96391,1794.072399,912.4173654,1658.105788,1820.665294,720.5837797,885.9915654,3080.795428,2098.550433,2196.442535,1998.546319,1700.481862,2973.331063,1252.635876,931.9950514,1545.430013,1377.685354,1082.633708,1277.426432,464.7361664,1461.271706,2040.486064,1240.21114,1090.944745,1063.630673,1192.779436,822.8624811,779.8819678,1380.521997,1973.984888,955.2949214,1518.947672,431.640787,1212.377624,892.1802493,975.7458597,2138.837874,1951.438081,412.0129483,1356.264181,813.4704586,882.1297119,1324.849807,1311.270615,873.2449229,2188.221922,572.5107613,890.8459465,722.1073462,1030.460292,816.8523424,585.5087326,808.4437683,785.9776276,589.5343272,1073.427314,1835.10732,979.3431662,1345.04209,1345.532605,2358.324386,1349.332789,460.8448651,1388.774912,1233.885883,1546.135373,507.3498074,1891.304682,924.1980283,838.1639229,1147.019893,808.1193873,565.8679657,558.8508686,236.9539739,478.1996413,879.4173218,1150.315709,836.8725718,922.0737893,1040.115439,865.9153418,819.6502601,1187.320522,2090.805722,691.0177681,671.6974324,774.7780913,1336.377211,1638.412978,1555.897246,1561.128105,1445.088236,574.440646,825.3646981,1412.677128,2522.105296,398.4930372,788.1335291,1268.880021,593.4877846,486.2430083,489.3240673,381.4044584,2235.164287,2788.969715,2019.381088,877.0531584,1548.638989,618.9809921,1083.248133,1279.281619,438.9857325,598.7838498,1601.298319,2376.713152,1147.62637,521.8259012,2185.608207,2086.513935,1293.150768,997.6448247,2383.055868,1623.972781,457.6532249,2087.568299,1178.310638,1401.538835,1401.555577,4137.923925,1581.780326,2146.312307,1863.095246,1622.14697,1906.635603,684.6696582,967.6600068,1776.179484,582.018158,1346.197351,2346.615078,2812.380611,1324.640258,1540.089741,560.8568368,1587.525817,705.1459849,625.6440369,2880.056184,1350.173893,2156.602909,2557.248258,2159.919493,1351.828078,1914.697777,2114.091841,1817.255691,1449.962232,2021.649459,2257.668576,2571.280496,533.7600229,2642.417299,3765.789165,1126.952958,4061.42461,4049.914737,1185.421872,521.2031541,668.9214071,2926.165095,2709.889555,1296.613528,2499.385998,1105.0884,1264.274118,1692.043308,1233.570829,853.9156412,1457.38869,2614.172516,1340.072248,2113.631611,1635.953703,819.8297027,1557.330441,3405.167374,3038.256019,589.6994043,736.0325613,633.1880892,2173.727383,1209.365642,1145.183716,1623.657981,1941.20563,2005.759131,3118.373585,1734.720818,1549.811804,2579.164793,2687.086889,487.8572409,1086.325512,614.362737,1663.065886,1482.770394,1607.773404,1580.125404,991.3271337,1165.312915,1176.564117,1300.24311,1124.137896,925.2796386,1229.576457,1285.620569,1769.994379,612.7884494,461.9588119,291.5815303,370.5838789,1285.804716,1459.289343,615.991571,797.0846037,518.922975,597.824667,792.7884894,756.8906882,999.3205489,534.8223113,2062.488378,802.5533295,1770.245688,394.2541825,820.5054352,1505.352275,1047.338949,1143.213917,974.6646812,1087.347797,1093.202322,1557.453342,1044.479908,1608.301621,1144.352986,812.4457421,1459.627039,686.1888436,1094.501451,1313.877868,719.0884575,981.1679126,1544.193602,521.9411257,1629.854189,225.895422,647.5457106,972.182485,421.1268885,782.336758,1037.390742,"_1.3.4_","PS.calvin cycle.GAP","_1.3_"
"6","eucgr.g01726.1.p",438.1605912,876.2939085,313.4946907,1947.355072,223.5589165,1432.879173,817.6636799,1294.498342,627.1762199,558.1565283,1751.26392,1148.779381,1599.540073,1318.325284,1808.473448,606.4229038,3271.454279,1766.577408,1714.602938,478.9984248,1128.740794,1468.349949,278.1718035,1386.428122,1269.547789,1022.413837,855.8779335,1087.105553,1317.180242,2155.567625,260.9160603,495.0912089,794.6998548,294.1775771,252.8225487,819.3485271,523.7733212,247.0600319,977.9275423,603.6399743,503.2762825,2335.821457,1026.567575,1083.556401,1529.751845,1147.381735,1135.153758,707.1843943,585.628889,1076.374458,330.5616255,1388.626373,1330.972815,1139.117862,1802.744551,2583.259176,987.4833687,607.0295036,2114.572798,2396.935135,2910.901259,2358.333617,1645.453801,2959.849526,1571.257773,801.2687028,2055.547017,2215.131147,749.0484956,684.8474138,426.9938537,1184.655668,2347.60056,1410.177274,1444.43716,1126.392638,1275.26477,909.2459179,1152.298882,1195.721899,2145.203165,830.9400123,1614.869045,638.7833834,1765.148897,1036.245223,717.9250079,1687.072876,1963.556096,520.1487014,1437.240433,999.3058006,442.8206802,970.4418326,1335.217706,532.79039,3213.146616,782.9006683,1169.493953,758.5109959,1613.339103,1127.222803,384.5186569,1032.687569,949.0982774,962.7485833,1669.411384,2133.882674,1782.587239,1299.936583,1119.973869,2590.101094,1759.97098,449.3672353,1275.450842,571.5307129,1174.82655,542.6669217,2345.144826,768.6368367,950.8318779,821.354151,445.8843605,419.2650847,472.5707721,215.7403064,291.3593799,1007.640396,945.0967448,507.2689397,729.2799183,908.0674975,697.8674415,469.3454445,623.4514501,2329.491154,602.2716893,728.390664,1247.008571,1009.677251,1423.211193,1929.998708,1330.825264,1675.81853,749.7429145,1014.362957,1247.016691,1295.580214,356.4767039,901.4081801,1446.094174,353.8752101,532.2108093,450.0118373,516.8952612,1675.528929,2271.553297,2073.53865,922.5197798,1183.623319,1032.496742,1123.152094,1255.218217,416.5054111,953.1071419,1709.407147,2298.259198,883.1419197,406.497838,2977.448314,1881.636413,870.6139312,1218.290416,2014.491608,1195.618139,370.4067074,1232.389907,811.3146329,1322.621351,1138.915154,3792.920495,1486.444237,2232.587408,1650.763248,714.9589787,1564.783403,695.1155334,596.3849406,1729.974817,359.75235,1095.07569,1260.443367,2127.548512,1223.7588,1118.868573,323.6068464,1703.700104,1256.859468,1289.373589,1665.848177,1818.950724,1381.242076,2281.490175,3069.941523,1426.445021,2703.579772,1788.320236,2104.879866,1833.46909,3265.093947,2953.490561,2470.815369,605.8871675,2190.268877,1639.082423,582.4249807,3145.35703,4507.445489,745.3290226,422.9741506,321.395803,2863.77807,2726.807043,564.7115556,3100.393152,1108.244702,1106.962202,1438.464121,1201.894928,253.2773096,1223.028758,607.6807249,1207.197638,786.7156448,1790.434461,422.1010168,1575.270282,2204.274056,1825.467564,545.9258765,306.8165292,581.4165292,2938.142135,1266.781215,1162.540443,1490.605513,3273.840332,2346.218376,3431.631548,1570.915309,1368.710699,2930.601709,3226.607495,514.4307313,898.1604335,672.4998907,2305.033828,1970.195236,2308.122896,1357.237446,1052.541943,647.0570143,1198.439495,1407.737892,1201.293271,1152.38026,1402.841009,1061.937396,2331.894387,774.703159,367.6869948,209.3564533,517.7125259,1396.252556,1677.669692,276.6083032,905.9093485,531.0103248,941.8790014,827.6186703,884.753233,995.8950298,459.6561072,881.7953182,711.4776117,1825.571649,333.8495947,1028.10877,1344.718079,1771.068565,1161.649241,1110.627525,1446.868255,1241.402159,1262.871645,1311.502403,1456.346148,1162.767858,829.8070914,1658.920053,703.4368557,971.5648175,950.7557703,782.1778917,1519.640967,2105.361062,234.1128459,1338.290338,381.9975435,929.7249242,1084.267796,530.4422529,1374.881816,1078.353899,"_1.3.6_","PS.calvin cycle.aldolase","_1.3_"
"7","eucgr.b02755.2.p",42.58559743,100.2440686,57.66068408,166.1563119,35.97155434,77.09157258,99.74853102,193.7274848,58.32937644,69.22484477,313.2366061,98.46738286,190.5873526,84.68753295,221.0071655,98.94315539,293.1771466,194.8287606,148.378482,58.47693681,163.5788655,164.9254685,38.49458802,191.9170031,114.3539309,106.3827298,44.80284957,170.8614219,69.28615204,212.8453194,67.50095059,36.43159721,115.5820999,30.69495699,10.74260942,76.70670715,89.61808729,75.48496089,46.22144443,45.21685104,28.80455661,178.8080701,110.480649,110.8737109,143.0190103,115.6698913,107.8600775,46.90780866,33.65085172,69.87569515,59.09020558,72.52859454,192.0168198,87.06928921,135.9064658,200.1130967,75.26637029,119.5293965,220.1296213,220.4224494,238.4354669,280.6188556,234.7794463,395.2320354,127.6517337,114.9086196,253.5736196,212.3118417,104.0848285,103.3272738,51.38528273,129.3342051,215.7993667,160.5353756,66.55013011,55.06691311,96.77131267,73.26465584,64.36349365,82.14374059,242.8325466,95.10953005,123.7635627,62.20168527,137.1310145,76.65006212,99.41801475,224.7083473,262.6407825,35.09631365,130.8612329,107.791471,78.79084814,126.1902568,136.2784742,61.68375198,217.1685612,51.61892855,66.11911062,41.2071545,146.5988695,126.2331025,71.94068253,49.97655621,40.42300319,56.64000078,108.8373113,179.353256,151.5213054,142.8694086,144.679185,237.3166813,169.7267134,63.43254033,106.0496694,96.83732915,143.5607219,78.97210462,220.3087155,64.5610327,94.61331837,63.06465088,21.89923531,26.93871151,39.11334176,14.03358432,42.90653763,125.8648497,108.0733386,71.78648992,79.59062672,94.78199294,69.64517444,57.18026576,78.82364245,178.7767855,50.53022243,86.50559942,97.25088766,137.4358093,127.3990298,147.4350368,189.7975296,218.2807184,42.66681805,95.36742957,60.20920884,187.2979296,22.40885797,79.3141333,125.4819592,34.29847317,22.72916958,34.42686436,26.20744398,166.1393713,163.2909558,132.8552846,67.6817251,95.72023129,42.15326426,54.67069065,56.58190512,21.62027247,40.47345342,77.40210647,234.0290521,93.55461237,32.8826411,158.9412867,206.2042957,103.0166787,97.56352278,210.5723786,128.6553046,32.71204721,159.0696255,103.300117,119.8066447,68.17643108,359.1390971,79.91673998,197.07502,161.8019054,38.48753158,67.83584993,68.78057033,51.84341438,201.6679145,47.73070186,54.61653098,143.4145215,219.5483643,104.2542541,95.82634189,41.014309,133.8089626,46.38973839,52.99158728,194.1830824,108.7772776,148.2708767,164.6195474,168.302668,95.42924405,168.3692076,139.8329648,129.3171001,109.691054,221.3811241,161.07409,220.3586721,38.93822357,159.0631217,313.2496296,103.1760089,311.5656548,392.3440583,93.24919244,46.40657793,60.28087016,263.7157405,261.1636325,159.551487,209.9537047,92.51597025,93.49193793,87.70972772,77.18798842,62.25524908,57.62519098,193.0813346,87.42298708,93.35802538,121.229402,60.00364089,95.13642706,310.6126667,340.1679534,38.33276796,52.64325168,64.63179668,118.3239036,130.8606733,70.89842401,174.4120176,212.2585025,240.1071644,337.3399782,179.1846978,176.3978354,332.0416302,306.0593732,89.16164489,173.9827269,98.05639359,165.0601569,190.421777,186.1001353,181.5076998,111.4766851,98.53169065,125.6418646,159.8705718,108.253611,93.02978206,108.1702979,158.8758701,95.85418695,50.92894367,57.98381426,26.84910857,22.58941364,124.4443293,130.0050734,50.11144848,131.0157899,66.25727629,45.77199459,49.32255125,53.07764848,74.92335498,33.25553208,189.4708382,93.06616557,165.5669116,41.204221,85.42386828,149.1381855,149.6998172,121.7838474,92.46051027,136.5867683,78.10916478,174.604858,144.3007522,162.7298787,96.20862727,97.4611201,139.4859091,85.90624424,174.9612442,145.9852495,67.12350996,139.4287907,217.3740751,77.92193122,184.7653129,40.95873042,97.66787972,112.1970933,62.38555154,144.4696231,102.0306311,"_1.3.7_","PS.calvin cycle.FBPase","_1.3_"
"8","eucgr.f01476.1.p",380.1056874,433.0844213,468.5396359,771.8114721,205.9384761,756.3622401,511.6085987,910.7437062,355.0924795,440.028257,1364.338225,784.0653785,1253.79106,416.8289323,907.855622,304.2436575,1405.643123,1076.14897,779.072224,304.1746142,652.3746715,775.6412692,372.0169425,1078.694084,608.773876,504.2384049,386.6272012,831.6118873,642.0565013,1005.315255,485.6268455,377.9523821,535.1307977,306.7329752,170.6705728,408.7117914,591.2491398,310.5541974,535.0554309,577.6409868,350.1944977,1135.948155,649.8685041,627.0199842,909.2654967,768.3359017,694.706503,292.7800849,241.7798932,757.9709164,532.2401582,856.8359021,1054.18045,614.2662927,841.9030988,1250.690085,395.1280673,567.8200183,1394.673061,1262.45361,1397.321815,1485.153106,1412.46903,2590.030847,913.7801681,566.2295379,1402.315608,817.9787723,496.4635137,793.9708953,295.164899,864.8151372,1025.90164,826.0678755,660.8772986,476.4656229,741.1314125,440.7309148,488.9638135,757.6206623,912.5823896,525.2364248,848.759941,264.4022908,653.3788037,428.2244005,417.3534546,1056.044523,1172.159056,267.490263,908.512404,593.2537912,645.2121885,640.8622997,711.3524155,499.6880155,1153.231219,472.8127058,536.4627427,467.9385408,633.9447504,527.2741166,510.5919569,640.1105031,510.3444113,409.0954426,669.550289,1003.501391,788.634938,608.4913663,694.400355,1134.962168,848.2671453,312.8061204,510.7838403,365.0976246,822.414955,421.9692147,1533.848783,417.1122098,428.5913653,647.6684178,351.0474862,275.3562675,293.2927541,187.0146416,199.8868982,496.8103928,586.7883116,329.2204913,507.3479839,626.2190131,400.8540073,484.9100002,713.6673373,996.1050073,343.7655425,310.4738683,317.1562375,481.5287263,617.0845136,836.429323,785.8248395,756.6495721,428.2376998,439.599872,721.9779545,1070.210502,212.0883373,427.6704367,757.6819237,253.6394726,263.3250183,311.8794179,244.8755308,994.9527316,1117.31929,973.8735855,526.8974841,678.1916942,399.4256377,719.3423256,661.6536294,258.0002584,323.9233039,871.8709924,1298.437022,860.2453828,233.2877765,705.4291042,863.4429087,452.3781836,474.620406,1667.704826,717.6972558,172.9863601,1028.10434,607.7410081,829.0003386,675.7519889,1479.608228,893.8226965,999.8252613,908.326057,699.2783772,835.147632,313.5178712,427.0753276,758.1792182,232.1804985,584.3355583,799.1854875,1001.570416,584.0498506,614.2020709,331.7696353,1001.965476,384.4286742,419.2496917,1252.921242,875.8567687,1021.59194,958.9955965,788.8092181,482.8928065,803.7378213,904.3600873,864.5201953,777.6107872,1005.55368,958.9149237,819.8037766,215.7197261,900.595408,1558.236299,503.488474,1483.444961,2086.573138,581.2452336,287.792648,295.806771,1943.469102,1390.268843,451.1332245,1305.302481,530.5850106,582.3088101,852.4535762,752.7753738,284.9406852,836.4193612,1092.201985,498.1911707,1121.141116,823.3360372,417.4391351,1106.876787,1243.444315,1666.953088,346.0350146,244.2195019,305.8027972,1226.757659,925.0205894,862.6278547,903.4875264,1302.633893,1062.24312,1489.610897,1031.921269,964.8199322,1119.3653,1571.529916,307.5598933,634.1134283,545.7812241,1685.666663,905.2019473,885.2381779,845.6882745,518.7134311,429.5752086,578.3537824,1003.468546,887.2296845,911.0151798,852.7079443,598.5289112,879.0480888,414.3162685,228.9569168,150.8871159,274.7201943,709.6321454,886.5850733,227.7895947,750.4681186,295.8393056,333.2729455,495.1322309,516.0843196,583.9088729,303.1900755,808.1717182,391.6211737,992.843872,203.4066574,431.8298944,772.2741972,1018.39846,544.7769827,523.6303757,710.8979068,558.8017173,595.1800025,537.844278,593.6790945,463.1709492,558.7590419,872.6311805,524.6790601,800.9620113,650.2020404,339.1888871,618.9566795,752.0438037,279.8809508,957.0773578,185.3538349,526.4022965,519.3459232,297.3460142,764.9584032,630.2920323,"_1.3.3_","PS.calvin cycle.phosphoglycerate kinase","_1.3_"
"9","eucgr.i01326.1.p",121.8423955,0.541126347,0.492944877,501.0901202,64.52731135,197.57237,230.1870661,281.3005636,0.648997238,0.761910962,673.1756471,234.1102915,507.5969056,232.6412711,1.555118246,0.835094857,2.242760062,2.160363128,1.413288662,0.937317811,0.744188033,0.630568135,0.436257666,0.910995932,0.779392691,0.815239804,97.91657959,14.71709186,222.9747496,2.692833924,0.309968341,0.399569477,10.63689501,75.26275438,41.84478004,156.553021,0.619982054,164.8200371,150.7559118,150.6400805,62.74534519,445.0631017,202.5147785,1.203158246,1.120455847,0.891154519,254.0568235,153.2351979,124.9642989,171.6975748,114.0385396,258.2950342,455.3774909,210.878442,426.7154028,344.6575301,1.003826481,1.518822553,1.934430756,1.298566705,1.994253233,290.9781138,290.5958022,447.6433085,185.3417065,106.2889375,148.9145246,1.752860403,1.220578595,1.059029919,0.46141172,0.771303752,3.057258008,1.782724545,152.6512186,164.6204248,1.076546683,211.3243325,274.3635619,186.5652276,419.9208502,226.1459423,0.796610009,1.331121216,2.422441247,0.965876659,60.1653611,151.91643,231.7887552,0.593672157,268.7901371,203.9943179,0.890900152,1.48248891,1.640093372,159.8172263,9.91053724,6.874911831,123.8767179,114.7529382,313.5284074,150.5468386,0.994124322,167.4287114,129.8656977,343.9723957,510.0539491,413.5923803,224.3377365,1.831791878,3.707188535,2.901787749,178.081553,104.7771264,2.050673059,1.124320792,2.828312158,89.86194446,283.3865696,0.611188076,2.686989177,183.0344867,62.50970757,45.54229332,0.485269876,0.547772655,91.23653267,282.9226178,386.0615516,176.5931666,1.04539282,13.02110521,291.4827969,130.9485102,160.4403874,588.1178849,2.279647461,1.113669151,0.905546147,1.717189996,2.348821737,2.049124101,308.8461284,2.912224435,0.637875247,262.2276351,195.0876809,2.779773318,0.179755185,0.893043627,12.88793635,0.551640561,63.99121091,0.579997297,0.156799484,522.9643648,418.54229,425.5662417,0.852133944,0.696908308,268.302686,161.899262,144.9942999,51.71488364,251.2600177,213.4986363,425.1736989,362.5323342,177.1830236,7.909652455,1.393406672,1.711948743,1.826224889,497.138696,328.9649344,52.16120543,1.9288571,1.355087202,1.107622193,192.1979045,30.6596537,20.93418308,6.367210967,1.501179114,136.9910283,240.1696526,162.2266856,3.589838606,522.9883533,86.88054213,166.8696979,431.5946728,618.5542607,1.09127177,0.852918474,4.825947136,1.031822001,463.0126029,350.5081954,742.4424844,321.8708329,338.7511297,621.3731952,705.20501,527.5251831,537.2056032,332.1310817,289.9625282,284.9178431,368.6624455,39.42059056,17.06670122,0.954954442,0.884761645,25.53075283,9.521259566,22.66390588,403.173843,0.619359844,2.260273148,0.504101403,605.7853083,250.5918606,9.174339405,2.599601538,0.797341721,5.771400946,269.516984,14.95827972,136.4081678,166.0764517,636.2112423,325.8363402,251.5893656,310.309066,173.9647186,195.6680315,29.29230172,278.2948419,9.486491177,54.18993654,5.63544252,654.5400428,1.286451553,171.709858,335.9054219,608.3810737,15.44561516,8.729413183,1.463037429,407.8062056,2.036248594,476.4340945,167.9329042,278.0021946,180.2815925,3.254397485,371.5543831,505.1931842,2.337954589,242.262241,191.7285742,1.041050477,308.358324,31.87994023,1.03325835,17.53870715,2.183216364,499.7668782,1.082492107,72.58581286,43.84692593,64.79872106,234.2224063,310.0168677,59.83361349,219.5636297,153.0474494,231.0476596,119.0958674,136.4286689,144.9890323,72.79687308,333.3115204,128.4738677,278.8572265,70.00883435,168.1987977,209.0918013,230.2012239,4.309051752,6.114720449,2.342667849,2.28445154,8.581926503,8.837639307,6.235592694,13.05710467,93.64456684,2.003524652,101.724977,199.3728606,101.2252601,1.377062573,6.803841885,11.53216953,108.5681101,301.5148584,37.03752291,151.4618982,6.309459552,95.30719586,181.2918324,5.451911633,"_1.3.6_","PS.calvin cycle.aldolase","_1.3_"
"10","eucgr.e01261.1.p",160.258617,177.9655858,213.1253729,489.4830031,126.0706422,331.4346489,342.6035965,563.4812793,102.8906672,106.8817585,1049.555554,378.8961637,818.026617,304.444769,403.898422,120.0276181,471.3857779,394.4677147,221.4024337,102.4615477,264.5480128,334.9569904,95.23552983,368.8945179,203.4685404,193.5851152,182.4037307,289.6989306,225.1421352,378.4031617,168.6582842,104.1969564,169.8053896,123.421625,48.12268113,197.0069279,379.8273432,202.3362877,197.8178149,204.4179364,118.1039242,580.1636087,334.744925,165.4446725,206.8327956,357.0803815,277.8881041,158.2082344,127.7804297,228.8273273,196.3896054,258.9216308,759.8676031,341.1557109,474.0804393,425.0023236,98.29436571,153.9939684,441.6834261,349.363573,434.6713031,573.6132087,600.2719004,727.2252175,401.4664655,243.5516823,542.9680435,315.6778285,172.6638408,274.457337,172.6160935,494.4885973,453.6052459,228.0098284,234.9412187,265.3653653,305.8634718,238.140284,266.2824486,300.6222129,959.8597739,351.3185122,257.5648492,85.95068629,188.8376203,144.6553565,221.5077821,484.1289092,733.1574403,91.11097208,406.8750084,282.3513354,207.513752,272.0238313,229.9755895,218.949929,519.224134,168.067306,217.7365882,159.719799,356.2162189,255.8387748,296.1626442,216.3373143,186.0809913,199.9181581,318.7490599,735.6382324,370.2937407,229.5562987,215.2162013,480.5243427,433.0597686,196.428914,243.1726324,204.0370546,293.9880031,174.8840592,591.5416666,217.0256843,189.4244143,238.7917078,147.9753903,156.1262166,159.9655588,74.33581486,171.6195415,348.2981886,406.8817181,240.2095311,320.0363181,289.3390251,394.5849344,205.7040025,290.9628649,765.4260235,148.7045255,163.3668569,173.8649901,287.2605006,291.9967344,296.4185801,594.0683942,380.7550227,166.5218664,289.3212315,310.0461013,474.9928624,95.30191393,188.6739989,338.0334687,131.5316576,84.44061847,175.8642568,149.7767809,557.8026461,695.286944,527.3717212,160.9991597,297.6475295,217.9496006,253.5132574,317.7517814,104.3505907,182.9186871,394.9812898,836.1041011,405.4123306,203.4960576,451.6761148,352.9687909,254.5411958,163.3337508,652.4755812,352.2094155,124.7121853,344.7350497,243.2103875,560.3976775,301.4578823,739.0178095,382.3547852,424.3091187,370.4963698,318.0748843,356.1694592,190.8044931,231.2653531,519.0839693,125.3406948,307.993964,521.287268,620.9101299,234.4851955,224.2017308,95.95662499,492.2378962,201.856875,270.9720347,773.7880087,333.212222,667.8650239,741.0275676,720.0336186,459.6550749,649.7797044,561.0476197,537.2162095,385.921178,535.5829388,419.957021,469.391313,85.74621968,374.9253225,709.5896641,222.5076175,668.4346653,868.7422035,213.9213282,81.76559803,107.4236646,656.0944164,725.5365589,293.7749192,518.5447192,356.2442329,369.1529764,447.588793,393.2042758,186.4498112,342.9340298,549.5080905,344.3376983,434.7377376,372.7781911,170.1212358,445.8812608,587.2404855,751.1918139,150.3507637,200.4074282,170.8029139,659.6667353,308.4411451,262.7176429,512.6146836,739.1965031,371.312252,641.2423918,470.5307407,667.2267078,405.6043098,804.360086,152.7020178,369.6341176,249.3567155,405.5803175,569.9201208,572.4722612,331.2244184,215.7875359,267.8390838,271.2142413,354.488107,283.5917871,250.8204815,242.8642733,224.9869038,615.9489586,228.4805549,168.2636562,106.1798663,93.47485127,369.5313001,426.0720173,151.7672906,290.0793857,140.6647998,189.836274,198.4564333,171.660078,238.7649763,117.4733519,777.4696033,290.7076655,507.9806929,120.2250539,314.0106331,446.8993842,405.4323571,215.1375629,169.0495944,212.5222891,204.7966572,278.2476935,192.2792469,261.320546,163.6564132,241.9339607,254.9497953,204.6883721,471.2355944,361.4219445,140.9917544,211.5273359,343.257202,166.057742,403.6562575,104.1360553,279.0194896,171.0735881,152.0813055,382.4098349,423.0921102,"_1.3.12_","PS.calvin cycle.PRK","_1.3_"
"11","eucgr.j00242.1.p",129.9528108,197.3439226,196.516375,361.9163547,71.23426179,193.5425274,205.21047,407.0163784,137.587215,167.2307153,486.2620696,236.2289128,466.7382011,218.0405452,449.8793632,135.5894976,701.7643665,523.8844299,360.222042,142.8884604,318.5303659,366.6661426,163.1311723,362.7088563,286.8370043,215.5632271,245.6340106,391.4325784,254.1435048,475.0234161,218.5917034,135.6985453,218.7357411,117.3965369,53.8969927,143.7021354,196.2069552,145.6863955,172.7444475,146.6003621,89.98749565,402.5207946,242.3185543,264.6052175,334.0978787,245.1456308,249.9893695,53.63560288,41.1232313,219.8175578,128.8432571,196.7490226,349.1176279,178.256677,352.6689877,376.4540496,158.8512823,265.2915538,626.3560603,617.2311228,578.8895547,493.600507,335.6274722,626.8840363,313.3686673,247.6348906,469.9574424,364.4654729,203.5575635,337.0479869,96.07940137,311.7388861,477.1459178,318.9071064,314.1290823,195.0470223,218.494116,163.7018817,166.76768,204.5371642,369.4515878,172.3497729,319.0241533,120.6473523,356.6616737,221.6287113,161.3258102,361.9299087,389.0578356,132.3843712,304.1931152,204.4211455,272.5413313,277.7917019,270.5739323,200.7179075,534.4747936,190.0049862,303.2928952,183.5432183,216.8420423,220.4549683,158.6074485,169.6315797,154.2717489,91.00343996,256.128816,424.1555159,249.3679262,303.1084293,389.4207155,536.8335167,311.9398636,145.8568276,267.6144745,206.6589798,314.37516,122.1953031,487.9365936,216.3963527,168.3108101,329.1938493,160.3029065,118.357743,85.2713343,43.11915029,78.12861868,265.9910507,282.7117976,156.2712204,184.0330817,208.7425279,189.1565683,95.87817002,162.6765302,377.6534235,111.467714,125.7065246,108.7708511,306.1230802,307.4690468,347.4421941,371.2909941,370.9968405,182.505031,195.6891701,337.8451305,515.4215921,86.21979065,159.7423653,330.1236149,116.4983144,115.453244,101.0843405,89.07451776,409.3365134,399.9735498,344.7945477,186.3969164,171.0336479,64.91964127,154.3035169,182.7748673,77.79539066,123.65377,270.6834823,512.0761639,226.083264,99.89307246,393.2112092,362.393271,263.5950142,256.6146912,526.7731616,304.2212933,88.48797929,407.6577196,279.7658746,313.1176307,310.884262,723.9948356,458.0170528,341.2803252,328.1850318,333.2081683,463.4444403,135.5501848,136.0815369,428.9679398,87.71369773,174.4024833,437.9503764,402.7325484,243.9580941,278.9943303,143.1891307,309.6383586,73.30382053,163.9599833,450.9691161,295.3392243,352.9048106,358.9137408,325.8709949,301.7901002,318.6210814,270.0373455,172.7621766,257.9179961,339.9286863,436.6990992,486.3155561,105.7530359,489.8432779,840.1888806,236.4830235,763.4938415,776.0148491,189.1741001,55.88172837,108.9531347,620.6749952,533.2083805,293.6762674,631.7291592,191.9435649,245.7230327,392.833489,240.1775518,142.1248421,243.25632,521.2418232,211.1857936,322.7462466,224.9123479,118.8239702,262.9180923,608.2438466,716.1489895,133.9840094,121.1015092,140.4933628,420.5029627,242.3677173,218.9947188,280.4784985,371.3404737,423.1608251,588.6004625,349.3235604,236.6605613,369.2053585,484.0047399,131.7257183,270.8646586,185.8299875,705.7279745,348.6337093,301.9318203,310.4115563,185.6878217,192.9873182,153.0911049,245.4261714,349.1231098,358.2523652,388.1015969,269.7109274,397.227762,133.9154642,113.983461,54.68932371,98.48699494,262.862025,261.4237593,103.2299012,301.2022629,144.496351,75.04445718,164.6532821,121.3144447,159.368215,71.16041366,370.0066764,169.0619545,342.0815744,75.10150612,156.3525992,228.700178,267.0728592,287.573864,184.5395099,276.3179649,215.2367154,257.2517612,233.0177431,341.6126532,254.2278227,163.2892613,300.6939241,138.8824181,306.9423486,243.4872335,173.3798624,286.4347757,365.6055874,163.3094949,320.6736792,77.93614314,171.1084362,219.5386742,126.0091193,272.2482877,239.7929273,"_1.3.9_","PS.calvin cycle.seduheptulose bisphosphatase","_1.3_"
"12","eucgr.d02467.1.p",738.8964226,760.9546127,778.6767833,1545.941588,270.534921,1103.98391,758.3241122,1232.100298,625.1064135,619.1241969,1935.68913,1156.560552,2169.089997,758.3407868,2150.20733,738.2714254,3174.881763,2124.148414,1502.177597,729.1569208,1494.84717,1505.249904,427.3198068,1593.447886,996.5201026,664.8773081,659.1966818,984.105526,1022.14326,1140.096146,772.3551881,592.0820683,1002.018307,269.5069604,175.7106215,615.5865478,862.5098644,295.0173451,617.6968992,713.9953634,374.6833898,1259.971231,890.5910901,1108.794202,851.2012465,1091.643283,866.6643893,358.1367828,336.3962391,463.2797228,364.4781699,672.0885583,1863.202107,938.0420407,968.2100492,1714.486071,671.9534395,1103.92762,2482.480013,1653.237972,2299.827048,2326.210972,1527.233718,2458.078125,1250.567375,1016.892065,1846.576611,1594.385118,570.3771136,810.6689155,505.1666264,885.2156314,1262.843786,1204.694024,688.5027792,796.4345297,901.4809776,470.0246101,793.0113817,627.425286,1201.789398,652.3294061,1455.998692,329.529037,774.1060689,712.7216553,671.7884661,1088.108936,1633.890123,409.5171836,890.6764625,648.6153083,782.2159763,1198.214174,787.7718374,1021.829763,1218.995251,813.1601096,679.1045262,352.9304579,1007.750514,1011.73703,581.7193535,801.4125991,708.943093,583.4030296,948.7037648,2078.021556,895.883595,1287.695596,1026.19039,2304.184936,1027.99923,407.919618,938.9563892,855.8247254,1066.909828,434.2772097,1741.223517,1012.935081,896.7275081,817.7398019,481.7682116,343.9763732,505.0424867,275.4874616,289.0628732,723.6713652,798.2852019,437.5596238,846.6311636,1031.62645,712.7083252,575.2343339,738.6283749,1930.178302,626.5438242,585.9820848,665.7386889,1328.726734,1151.022203,1133.900817,1379.644786,1609.343502,568.3356774,732.313619,1205.049953,2145.917431,384.8224153,805.2002104,1358.959219,359.6274614,233.5478903,389.7030329,463.3104191,1716.457656,1906.898188,1398.385024,782.7930837,1133.906094,592.6847861,642.5245859,690.728032,221.9760857,442.2788901,910.5724012,2011.621106,1299.261824,346.366546,1317.240889,1716.482503,956.8608486,1084.522596,1680.888332,1081.880118,235.6645312,1824.26409,1133.405828,1466.494065,1094.413229,3342.582725,1579.463143,1519.196396,1801.976884,884.8414612,1090.747371,527.671776,681.2415698,1342.041628,390.8723902,917.4695419,1352.585568,1654.358839,1240.763158,1163.647586,474.4959829,1175.732227,515.0167571,606.579992,2308.773693,688.9056895,1394.253016,2262.154352,1679.141754,1229.163946,2273.849043,1460.235073,1697.677511,1338.569236,2300.771589,1886.098473,2131.547608,457.3000433,1661.503103,3380.615502,1062.05231,2570.081924,3999.590124,959.358456,359.1433454,546.7819909,2078.686198,2266.520616,1403.196446,2330.801998,898.828506,976.967791,1645.216369,1316.579828,369.0818056,1322.654819,1793.998478,742.4884478,1040.274823,824.7971345,445.1211248,863.3279761,2795.680302,2733.918766,569.4171939,423.9863888,727.9135679,2158.143669,1115.557275,575.8487387,1310.212074,1721.590756,1788.939764,2216.82466,1571.49334,1191.127093,2323.555566,2370.839363,548.3093106,908.3526333,936.2833381,1644.081323,1583.8402,1403.485838,1079.747044,743.828553,578.3938239,805.4227939,1231.51458,1428.018108,1145.523197,1676.87513,1277.303192,1265.855393,718.8235288,322.771875,171.1688642,343.5378623,1071.304452,1074.21163,314.6669747,755.6838373,340.2073687,554.3600704,390.0721919,440.9927699,601.5454839,181.9404839,1608.881033,490.7362587,1236.885259,311.3975522,667.1259704,1055.79826,1098.619019,843.6290245,748.7272612,917.3757615,1133.449004,1199.484531,907.0506855,1282.240436,659.582593,746.4380698,1188.536825,441.4625324,910.0991512,792.0051478,459.2805507,1126.150701,1761.666272,374.5029479,1414.907384,198.9947652,716.9599345,661.0888353,393.1669598,931.3100228,682.6188849,"_1.3.8_, _7.2.1_","PS.calvin cycle.transketolase, OPP.non-reductive PP.transketolase","_1.3_"
"13","eucgr.j02030.1.p",598.4817659,1077.001415,718.7921273,1487.394157,378.0820982,1835.958642,1171.981879,2013.854851,701.773291,979.2612959,2130.449435,1239.188868,2123.439727,823.1889314,3139.941818,851.8707384,2986.945095,2199.420558,1830.183521,824.1896283,1875.415538,2225.958575,605.847057,2058.557764,1241.955812,1131.043615,556.4148604,1925.109296,824.8432725,2181.396705,624.2740783,424.3619179,932.3313651,654.3834025,288.7310573,850.3900296,816.5901574,753.7574208,1195.994904,1377.874833,767.7860959,2276.359614,1614.237921,1386.572665,1751.053303,1158.993407,1587.014136,1174.91049,794.616427,1775.189067,904.4489061,1768.601086,1126.300407,636.5663506,1512.348055,1888.982167,764.8663958,1138.17175,2665.804755,2740.815953,3500.164486,2529.315205,1823.1118,2801.395066,1635.947753,948.5503225,2147.378872,2389.720532,1249.528337,1716.553468,360.9897784,1212.493546,2407.264405,1555.610597,1032.566631,1140.148914,1081.949766,1382.613116,1931.345091,1842.615391,1092.485894,766.1900081,1846.249265,583.4078153,1622.937447,971.5997412,709.2738469,1929.004095,2064.544756,399.633752,1631.202485,1106.321802,1152.826729,2211.545024,1668.563987,858.996047,3057.733497,510.1277507,1813.64912,931.1068664,1135.404285,893.7856754,727.5374915,1289.328873,1123.455489,1415.823228,1793.012083,1455.764983,1217.256355,1400.348469,1472.16434,3080.940751,1991.861549,565.9695217,1561.011518,1204.705031,1893.079548,506.4992351,2092.657068,711.5428525,1084.067251,1133.954575,846.7063597,573.7765347,412.4260529,144.1140695,455.006497,1350.688891,1511.31566,1044.126881,715.5991162,907.2588669,1764.136166,1011.844327,1438.696678,1388.50681,635.6667395,731.0537158,1062.118814,1685.854496,1423.542126,2010.538038,1650.640489,1638.313408,654.1017441,1139.33194,1479.459042,2684.486541,436.5655599,1050.49331,1870.234917,535.2918591,928.8681825,440.4759719,401.7166047,2224.219056,2103.896873,2362.162453,1129.926314,1372.111036,1548.018177,2033.98692,1815.840446,554.8821945,1016.416237,2064.819755,2692.253849,1556.484915,582.6986171,2985.382487,2593.788745,1206.829317,1198.877184,2203.094519,2247.468594,496.4353708,2554.03967,1735.416113,1510.751021,1488.024313,3525.492995,1290.960722,2099.977162,2260.193447,1722.2885,2552.908224,659.9244353,643.449712,1817.710746,432.2236299,1269.816102,2237.639348,2797.363594,1538.973384,1217.778522,649.0755492,2245.652947,1230.37015,1122.32351,4186.163521,2063.595804,1670.601797,1300.359456,1798.717702,1236.44739,1934.491529,2000.186872,2168.468055,1419.437767,1613.089375,3564.936669,2017.404934,475.1545832,2176.417527,3195.499878,1156.806327,3089.613658,2566.782674,1360.360119,283.6614059,465.1593913,2196.231356,2590.15794,1076.85977,3745.850445,1115.602975,1050.658067,1081.503278,1085.95121,584.6937037,1710.819924,2546.401274,1597.936686,1986.322901,1577.9588,751.0700212,2132.974176,2239.463152,2592.033049,366.2765772,483.9178574,457.7114243,3232.890947,1766.539041,2063.601706,1498.16155,3079.939136,2357.289299,4856.53175,1612.710343,1836.637915,3096.017753,2698.778045,867.8908969,1866.23498,1476.535144,3298.07393,2094.084789,2252.008187,2090.328741,868.4825037,870.2990579,1272.165544,1387.236873,1608.143712,1722.703847,1248.48648,1021.200622,2040.250879,610.9943267,649.1574643,266.8540346,585.7469355,1515.646722,1605.984706,540.4791813,1416.823658,851.1882399,1043.558592,1406.197973,1358.069966,1566.077304,616.9165153,1303.199333,847.6889915,1185.076507,336.6502587,742.9088132,1551.257708,1985.092086,1880.605257,1274.484355,1836.420455,1367.204375,1439.989763,1461.509969,1539.937447,1108.7625,770.6020295,1619.821599,652.6567393,1733.888599,1039.593139,902.6077684,1672.137504,2191.855355,893.4039691,2492.057592,331.8411908,1066.581035,1032.875001,577.9288316,1834.2602,896.4786913,"_1.3.13_","PS.calvin cycle.rubisco interacting","_1.3_"
"14","eucgr.j01234.1.p",113.0907925,140.1663694,93.65257777,192.0998392,51.89265712,271.8534434,189.0494117,248.3528597,95.79953587,139.8912958,523.781,479.2794048,455.8529576,139.8698154,264.4447868,67.16345905,154.5737226,290.1848847,85.2731328,84.60196597,249.1500932,266.6450323,62.98327604,287.7638733,162.366124,149.4733781,116.9544973,190.196193,159.9699632,269.1371179,71.18205769,62.79834259,129.7758559,80.73178327,30.84231649,110.1133596,167.4957229,79.46390181,157.3060864,210.1662,105.6003619,411.0904507,229.2955218,144.3082968,213.4793485,173.4734729,195.5862201,157.3778369,107.950186,208.0324252,147.467058,238.9788872,346.8500896,221.516376,257.0374015,309.1968389,51.14380277,57.13322766,367.2203704,303.9753985,363.456303,383.288096,307.7319605,521.3954559,221.4463732,127.2664959,401.5596764,255.0181744,162.113149,129.6651579,66.64042475,167.2021616,329.7829806,227.9128227,244.5279103,135.5050047,199.3524737,204.0431734,187.9834829,234.9771895,365.0413243,202.942848,142.5193557,83.55076144,189.8528537,105.4516211,106.544988,340.2502706,345.8038566,66.99799286,359.6254325,263.8986212,104.8811717,230.2730446,182.3122468,139.1150005,398.887736,75.02178836,161.4569764,116.459986,136.0278203,144.169799,146.5900202,147.4291208,153.6964959,200.6734363,207.7181984,325.6486982,275.3832085,66.6750916,79.05516198,322.6552266,273.3881806,88.87634,114.2839937,103.0856058,119.3442741,124.2540259,360.048621,103.5190604,118.0897069,196.929226,98.21381225,87.29189644,89.43035441,38.53528763,61.6185857,149.3030751,153.2995008,99.95116061,147.8509156,163.9801611,256.2606874,141.7613207,202.3609707,354.5661179,55.74425637,82.95475233,103.8807242,199.2752089,94.85272918,246.1934112,287.4551009,206.1580053,98.72274467,190.5911195,255.9396592,271.2658166,41.6934859,107.8303766,219.3189776,42.90393032,95.44620159,63.64785517,78.56938568,360.3200927,416.0582883,355.5595804,115.9695171,177.6744725,162.8454487,212.328359,187.2973736,58.87662565,96.39295794,232.51867,531.2404355,494.887977,100.5771611,249.8208289,265.0425588,138.0166623,49.65896711,437.6373524,315.2152142,166.6747102,290.1752253,211.1174653,160.2456811,235.9905376,407.6841022,153.1186893,257.2708911,277.9270559,193.494874,254.2127684,88.7236756,84.50498806,259.8216693,63.25581917,164.8056219,269.6718038,292.8133806,148.0065677,116.1932475,57.24574003,271.8657056,176.2758228,116.0345567,400.5739399,213.8946036,327.9972341,289.6368337,284.2314153,219.8139106,303.6470702,459.089193,415.6340143,314.5485687,420.2297557,269.2777554,263.5222121,37.0933211,207.1772916,351.677308,92.72323706,372.8020696,585.3676626,81.09997811,19.18884592,38.06117394,536.2810456,403.0820966,112.5034312,398.9318403,101.7833091,83.12764907,249.5507685,221.2853594,65.22209606,231.2831855,198.160728,204.6839409,234.273882,125.6872931,58.48361873,249.8169804,260.8557484,455.7253999,61.48562442,234.9353441,46.14350136,361.0051177,226.0046312,216.297343,341.9921735,387.0330773,198.2447006,468.7516142,203.8602301,447.9994968,300.4802203,500.3884114,100.3913564,218.1874987,168.8582304,292.208431,402.6878227,345.4504624,232.5181606,122.3495281,108.3595394,154.3836201,249.0023921,123.8647552,156.668901,192.7212916,124.3295262,287.5553061,166.6546426,94.23005538,45.7254661,67.86738621,254.7000114,257.562866,66.95834202,123.7373874,89.06609967,131.3610556,143.4756594,185.9358959,181.9535732,82.85524999,313.6152172,165.5227099,415.1577554,61.83268375,147.4526387,312.0367968,370.6139264,189.764908,125.806251,181.6312436,102.1968134,132.3195634,175.8564938,145.8718503,149.6881327,113.2528848,141.9426422,131.5304018,241.6966071,171.1775383,75.57036672,155.6190789,209.5440073,140.0766528,334.0904199,165.4743305,173.4834322,147.7942845,109.6398803,240.1065006,140.028288,"_1.3.13_","PS.calvin cycle.rubisco interacting","_1.3_"
"15","eucgr.i02616.1.p",1.299494829,2.518705915,4.298803184,2.728006035,1.015135288,3.698853858,1.539882931,3.342539937,2.247569025,3.493976343,6.846590433,4.34486498,7.35246806,3.179593763,3.948033577,1.00807931,4.591994089,4.845524105,2.847949764,1.572001221,4.798445118,2.54755006,0.719147046,6.76054766,2.770540111,2.019143286,1.094509685,4.378335996,2.417373053,3.5278447,3.551886437,3.361371202,2.956254778,0.817963091,0.723882141,1.232036799,1.227698463,1.62316731,4.356607572,2.972449173,2.167791744,3.058195477,2.219323889,5.24554679,5.028468554,1.304247293,1.826661394,2.401773628,2.060605343,2.441098932,1.845050561,2.672649766,7.108963454,5.172239079,6.231312437,4.962447244,1.209907927,2.746896348,5.12062855,5.813166549,6.965318298,6.694213808,6.412263318,16.14320463,3.052551845,2.409577227,5.15841625,3.669200662,3.849265461,6.102197871,1.056567457,3.456314837,4.711142455,4.94505697,1.6752921,1.93835195,1.985203519,2.284957464,2.225487259,2.956942883,4.949619661,2.242148074,5.312310586,1.640984044,2.421058486,3.332616996,3.03307058,5.045693319,3.787369565,1.163299999,6.551924238,4.87880312,2.622973658,3.089387257,5.270960213,0.606486788,7.350484096,5.346049387,1.816188397,2.142916863,2.921196055,2.847399184,1.56370516,3.490599131,2.84959862,4.048137745,4.665073888,8.566330748,4.742654003,4.075797801,3.66787075,10.58157654,5.364473963,3.897773441,5.951047959,4.026059617,6.328208145,5.040970569,16.74684758,5.477244762,3.931302251,1.857273144,2.815406659,2.247375194,1.330283768,0.741529058,2.169119525,4.325268273,4.341906066,4.203538698,1.841287389,3.326280085,3.389103983,2.374187412,3.283166745,11.796901,4.852586962,3.518223074,2.76341236,3.796328995,6.247959237,8.199277377,11.18410036,4.598826354,5.847959225,4.258767351,1.873415946,5.418332762,1.95582392,1.78437865,4.027568777,1.934310976,0.782687471,0.85688109,0.384630182,3.215806287,4.251539575,4.317268235,2.618056242,1.480494443,2.047354658,2.661292483,2.719340609,1.143613306,1.430487914,2.532230183,4.979450923,5.023152678,1.874620786,3.226970689,5.13949873,2.107163706,2.856473057,12.31172447,4.316500978,0.387734037,6.367633558,4.115598998,2.02194871,0.988804366,7.343800618,4.691588257,5.0077637,3.550548559,2.547509959,1.761102028,1.127721434,0.802421101,3.586102302,0.874328337,4.111998929,2.981278856,4.196513352,3.875019405,3.61976413,1.906507057,1.496479095,2.761780295,2.038249976,3.697449392,3.946326825,3.146903543,8.9371601,4.547652483,3.731527356,7.718031464,2.748985045,2.887031788,3.538210917,4.174197324,3.621586668,4.543250939,1.050148155,3.724367026,8.122879226,2.701427501,9.287185973,11.52929393,2.870278524,2.009796301,1.802547558,10.21785383,5.092021236,2.016837248,5.05117762,2.289710914,1.506090574,1.625351166,1.029390695,1.509814679,5.573920175,3.814909874,1.523250559,3.567604178,4.657379591,2.441854702,3.587609232,4.533211605,6.163365892,2.557364684,0.238572424,1.002816163,5.831198682,2.509235287,4.229909941,5.092710764,8.300232698,4.966393259,8.278254045,4.158245823,5.99359795,8.592047872,14.82985757,1.449207945,3.267090875,3.944171728,7.97010654,7.440762943,3.728359947,5.121155294,3.504443176,2.512100316,1.983750904,9.320161721,6.001641498,4.319330422,9.121198422,5.206805128,4.565912741,1.454889682,2.116105153,2.516409952,1.998204255,4.825658544,5.06355049,2.542488146,3.576343958,1.691014018,4.125289987,2.844483178,3.525511788,3.143374947,1.140393917,7.578909399,4.38387008,9.291456981,2.167155271,5.411708171,3.839123751,4.864449039,4.095861939,5.444602272,7.227307389,4.811150499,5.977716896,3.041189151,5.737172146,4.411138843,3.997886955,7.586989816,7.04071263,4.134075302,5.147957593,2.338730313,3.38575731,6.650151962,1.762848587,11.96956269,0.634548547,2.257499504,6.655221694,1.95808306,2.458986535,2.518531628,"_1.3.7_","PS.calvin cycle.FBPase","_1.3_"
"16","eucgr.i01564.1.p",192.7435621,457.5978908,327.4568178,1218.696828,350.6880643,408.3305386,988.4792564,1595.892998,317.8940709,393.9462846,2144.479768,957.2728214,1648.636752,737.1051128,1161.126111,343.9224371,1446.238624,1131.509027,651.7317987,306.4882566,781.5227973,656.3348523,159.1512905,661.378512,554.5159802,501.0239817,211.6779797,905.7928678,270.5246107,904.2810605,250.7894488,212.9472445,509.803562,200.3775537,133.1873716,548.5900416,698.6017771,544.1698116,258.1334528,331.6373438,214.5408771,1675.9719,1019.942387,709.5408354,669.518415,823.2122133,1069.870591,336.0850251,279.9094468,614.1779667,310.96562,425.4661801,1022.555444,759.6576576,1471.784123,1634.164732,424.4810653,571.2332722,1184.661911,1171.489778,1149.992064,1724.707584,1446.743943,2645.705301,955.3475406,764.9481737,1811.462396,765.5659596,577.662363,515.3350242,324.5132831,943.3717287,1029.500713,755.8865986,322.8838957,794.4375181,716.772701,747.2422703,753.5046042,451.9310053,1937.533373,851.0298458,937.7482424,266.6112444,609.2715778,448.6787398,791.4190634,1612.190009,1604.498974,152.5785245,1076.336709,907.3298736,377.8872858,694.038008,692.3511266,277.556651,1135.564488,252.5302941,405.9803261,317.9538733,836.5660298,823.1234213,607.3124323,320.0254093,285.4135136,563.6526992,887.2064075,1286.749365,1032.263089,650.0435545,678.6758044,1075.783938,1032.538864,496.0662271,535.4920421,524.5845939,726.4849014,419.1861284,1572.933481,365.7596124,471.4389861,340.2516781,327.0600192,262.3388697,299.0696073,162.1852192,383.2493083,1011.688466,1073.812336,669.8852376,589.1657188,700.0251075,720.8292577,423.8907318,546.3211469,1218.627216,405.1379459,345.8299892,373.8186248,588.7627992,737.8279881,704.777862,1133.893256,792.5558002,245.8736762,746.1295701,525.6152276,1407.193373,199.0004722,443.5480885,729.0197726,243.6486511,205.0974746,350.3788309,262.2312818,1778.387407,2069.966166,1623.233299,468.2414141,957.039536,544.2508641,862.3867018,763.095455,188.7318326,505.8739437,699.3954873,2339.499818,981.9055736,448.5730178,1133.197225,1260.965725,736.5458787,529.2002483,1965.840828,1279.562341,207.9504854,899.9269322,630.8530536,1142.207266,481.3475475,2153.148353,545.3967851,1006.320942,866.0084616,711.1466597,815.2646507,492.7355149,555.2656767,1264.7442,429.3692875,453.0076039,1729.523092,1790.992862,648.2237372,792.2556182,344.4754341,1006.888912,558.3175399,501.134092,1741.77524,1181.521299,1865.70136,1608.429135,1561.621829,1128.736675,1451.426997,1164.456152,1136.772452,1340.354831,1290.073873,1109.685227,1369.145492,319.6245658,1468.56552,1883.180961,506.5984342,1839.671594,2364.036051,697.5828413,266.6695389,376.1260242,2042.556792,1907.361618,664.1146014,1193.874772,671.3551978,717.9566403,534.6819506,769.9210894,595.1784073,527.003612,1866.001202,962.5416903,734.3528162,1058.473345,554.3937334,539.505807,1654.825736,2324.533669,234.8527577,276.2620635,408.7965205,1660.415269,927.1699542,422.7858516,1166.133155,1822.916209,1161.561304,1912.644078,1318.440602,1668.910301,1499.493476,2244.504884,467.8310958,1041.576966,690.3520944,753.5205277,1735.60577,1546.037234,961.5544641,867.545024,991.6897586,786.8344319,1123.93837,512.5319228,459.2535173,541.5919345,721.9819906,1580.62139,425.4837393,379.9526607,269.8291401,149.0623365,972.1492959,1460.357419,489.8385742,1076.465957,449.8129002,479.7616723,483.2980651,428.9359716,423.9505444,215.7099189,1775.555895,735.287867,1328.481218,307.6490764,753.588842,1149.410309,1213.809552,691.0656646,583.699223,739.4421996,579.9217769,936.7178499,563.2535538,859.8528083,534.0234545,726.0344066,853.0305202,579.9401387,1106.419313,1138.38265,486.0701952,495.0448438,822.6799885,527.0433822,1251.342041,154.9067596,598.1148478,461.7783743,553.4575447,981.1626465,725.7208447,"_1.3.4_","PS.calvin cycle.GAP","_1.3_"
"17","eucgr.b00532.5.p",26.30321979,22.87851049,15.19751669,58.64271465,18.23753634,36.64833914,54.40049873,83.59532782,14.04827355,16.08343315,106.732416,50.99702684,97.12613798,49.66034263,48.45289952,14.73619423,74.14427473,63.71982209,44.15335736,34.91339725,23.62321343,34.95634357,10.95007618,36.36374517,27.59895306,38.38671927,28.21253335,31.58879605,61.19319353,38.34661876,11.3595005,12.95847813,21.73556813,15.66711728,10.80681346,30.44685757,51.02616215,30.14871314,38.32089525,33.2472022,22.44643018,85.88965472,60.78924006,25.57228912,36.67941434,59.09961036,58.02947955,30.11347916,24.59564571,40.29254895,35.04372526,38.17629937,100.576119,52.15937383,97.51699959,95.47335425,20.30494958,27.56339354,71.43503109,61.82028538,60.16616136,98.27935165,90.20197769,178.0604535,61.48229791,42.0763428,112.9124762,55.03081538,24.81115998,21.51441919,24.7284557,69.4348342,41.24223337,36.48531715,45.3767309,35.72857612,72.55188168,42.51624545,35.89146844,52.49648644,139.1399199,73.18516047,40.16978969,16.64670677,45.24255713,20.54513374,40.17302711,98.62844321,94.04899539,10.18705172,65.00794367,36.38413835,26.72242771,61.81657419,19.01302416,41.12707897,56.96994734,16.91282437,56.32939857,27.45730622,69.39068151,52.89876097,43.26839516,43.36280249,38.80211732,60.88674518,85.98851311,103.5227761,65.00395172,36.37224128,41.37851445,58.47344964,64.57383199,46.11519863,29.36985441,19.99677945,47.05662204,39.12580783,104.4794914,18.02693027,26.49206274,44.96524534,24.885289,23.31054539,29.40121203,12.72376902,24.49445028,72.90491534,19.18388926,46.19724226,48.66902772,70.66432862,48.36970405,30.25401687,41.77662595,107.8812912,18.06612661,26.28234608,30.09114862,33.63674093,43.70478496,37.69064499,134.942956,54.22347739,15.4726964,52.97886292,39.63700909,41.84507424,8.876749188,19.98289821,27.80284776,7.268844502,22.34948575,27.11409245,25.24447286,116.0000375,93.29004815,97.2101587,16.33742105,64.15922206,30.55036316,56.03797169,45.55112389,15.60061393,33.97510718,68.18359771,136.5194583,82.64392509,26.11420793,37.15607348,36.6612127,16.00619129,26.8051385,96.51661525,55.71072421,9.595038668,41.22152534,24.93939398,82.41670209,36.16966971,62.70054189,32.18638593,27.3213424,29.39453267,41.89482665,86.75654574,29.37761093,32.31689776,81.72167944,24.69932462,33.34440742,125.6470835,113.6383513,21.15275863,20.54364773,9.16724945,76.33306,36.29085888,46.19282916,116.5880954,45.4046118,111.4797452,100.1372348,97.22161579,53.37482397,116.3795799,70.68951148,82.46881966,60.65471082,92.21635984,44.33452213,46.57877341,12.11593955,47.03174153,80.30583268,21.41901385,56.97524,53.96146302,19.33628362,8.414530786,11.89767797,34.32691685,31.88719379,28.36568017,56.08142681,54.79494779,60.0990452,32.98791247,47.23091783,27.410118,14.78586789,35.10041375,16.65264328,17.45099182,11.76294061,6.145738333,19.23600041,59.52256364,36.49223915,20.38671569,8.465375473,22.44460626,84.83794883,88.32606874,41.55716282,83.86988405,137.1971216,55.78992213,74.60794709,80.90799964,97.22503577,58.12222594,156.1478835,22.89583624,54.81723229,46.65156941,52.13461832,94.17509325,83.95026328,31.53793707,47.25854343,34.53701171,46.43052353,64.97457604,32.86976715,25.46773209,38.64815208,27.30005612,89.64843003,39.30581502,28.5044731,17.73396454,20.75176255,64.95461467,93.32243127,30.35208628,65.73060232,33.11995297,36.10615418,31.97941567,42.02941746,45.75724796,21.02339512,100.8694879,34.38763282,88.67606461,21.72860692,51.88577868,72.73209569,65.3264468,37.86580641,28.19238713,97.48140322,28.71122345,30.32044913,30.43200321,43.02534301,23.82351121,46.43517344,36.13526313,35.47792868,67.67948895,54.13994659,18.77736004,36.54725358,51.54145785,27.61127009,64.79640287,20.62990171,41.99533106,56.79376209,36.73304489,78.17868121,64.44299262,"_1.3.11_","PS.calvin cycle.RPE","_1.3_"
"18","eucgr.h04380.1.p",0.044469617,2.043338301,0.471310332,2.885754363,0.749608634,0.255127335,1.749237697,2.280457932,1.031142865,1.019696159,2.328759715,4.599990346,5.282189651,2.208227609,9.585099104,1.892114296,6.439658519,5.567562376,2.495836171,4.759865222,2.984353664,6.705416962,0.067944819,2.927366259,3.05725922,1.721364169,0.384178864,4.301836106,0.112117716,6.242494235,0.071695315,0.146977604,1.26649352,0.073202927,0.108101202,1.838847404,0.175750063,1.480073955,0.188974023,0.189421533,0.098644454,2.922766627,2.025761765,1.530273414,2.959731656,0.154726397,1.525088547,1.465848151,1.733669509,0.374782868,0.182093699,0.117447555,8.40402152,2.448337796,3.941680504,3.564603919,4.872506033,3.333452064,9.371557688,3.528327329,6.155152385,3.157073452,2.847478386,7.336373378,1.96592236,0.908585361,2.988699429,4.47280597,2.306920411,0.270755808,0.112230226,0.249712971,6.186019001,2.757470393,0.490476289,1.758937568,0.363837438,1.92863831,2.170916145,0.387888648,5.058261265,1.445000163,9.378511455,5.965677335,4.570756675,1.62141571,1.699553095,4.877564497,2.788330464,0.217153049,2.034550905,1.377490689,0.398142636,3.444996635,2.596315435,0.298631825,11.7707809,0.189976129,0.910792864,0.340227863,6.439562676,6.113320695,0.177539834,0.21445097,0.895124279,1.567620281,3.792134712,8.642652593,4.171785809,6.137879738,3.693890398,9.804862705,6.674995294,1.902725696,4.3941189,3.520544947,4.88651198,4.288878607,6.811912764,0.159870187,2.818090172,1.30795901,0.240791763,0.608426195,0.223877716,0.149457614,1.303635713,2.017596296,2.781753963,2.149877623,0.222360152,0.291930655,2.526074595,0.274878737,0.525998467,11.63581216,3.31058554,4.461891015,3.78519048,4.188240584,8.718972708,5.880048003,2.68179256,4.97658821,0.538571606,1.770620756,0.239190543,3.531433476,0.03962396,1.731427554,0.876853903,0.088678723,0.216356121,0.212069439,0.04983874,3.409753491,3.739387463,1.678235972,1.419808271,0.392438322,1.243084373,0.330611088,0.259434467,0.1331452,1.205646332,0.467363699,1.723980279,5.359496481,0.940537625,5.857136665,3.045518199,1.476362756,1.985034659,3.180976259,1.730060255,0.088010905,2.468156774,2.189347253,0.441070032,0.160528003,6.515700832,0.196502173,2.068201864,1.741860959,0.23452377,0.940556767,1.553521149,0.202904997,2.820425472,0.817917201,0.668877845,3.023874135,3.002347817,1.601301489,1.637645761,0.476077219,0.406864798,1.271103505,1.194069135,3.259154463,2.371174775,1.680054356,3.409470517,5.472639607,2.879100026,6.814964749,2.819146694,3.617014478,1.628136947,5.152948223,4.099723628,4.119527685,1.666024537,4.411593562,5.937770433,3.147645847,6.024320906,5.714096936,2.384310508,1.89722532,1.453899235,4.197420845,1.595388087,2.050380517,2.560072932,0.231803677,0.114607696,1.025119102,0.48927544,1.690263631,0.130449827,3.966437339,1.569635093,0.380298456,2.543062406,1.413063378,0.696570792,3.286099536,2.959249692,0.368869552,0.181634015,0.287547484,5.543556568,0.395338656,0.827468683,4.086471034,10.11338438,5.270786122,8.835198125,0.512377766,2.664827443,6.984749037,5.123149179,2.406034809,2.466506246,1.88057392,1.290311232,2.286398968,3.688366346,4.066871333,4.018373142,2.94116117,0.4354395,2.653693408,1.224608907,0.221207291,0.52317916,2.449256311,4.519088468,0.19021964,2.264311725,2.157379724,0.103837558,4.728399995,4.290746408,1.269254726,3.005714308,1.839251893,1.393512089,0.414963752,0.778564072,0.134958257,0.183959607,5.182462427,1.959079442,8.529747835,1.926819293,4.21319115,2.103608125,8.096899117,6.253294351,4.820998651,6.242876793,3.301948708,5.377397885,6.529991708,3.798715233,2.997796579,1.935341955,4.989453213,2.541828605,3.84721222,2.970195118,1.710456111,6.910456137,7.324923989,2.033530424,4.972650433,0.146361263,2.04783962,3.838147062,1.664034924,4.379741943,0.317528724,"_1.3.10_, _7.2.4_","PS.calvin cycle.Rib5P Isomerase, OPP.non-reductive PP.ribose 5-phosphate isomerase","_1.3_"
"19","eucgr.b02864.1.p",3.127140859,0.571224788,1.024443164,2.012118063,0.913627879,6.102981898,1.14130851,2.733609377,0.9096392,0.699351537,2.832924345,2.284959744,4.01243113,1.2723793,8.861123969,1.709830409,3.453413681,1.520211605,2.396920864,29.01243293,1.2846414,8.972534154,1.882186104,2.048413033,1.360235651,1.037441954,1.768978716,1.684093745,3.877197236,2.770622625,1.304784373,2.855896947,0.732917203,1.644857718,1.455706294,1.557767276,2.850087322,0.770323556,4.069521573,4.237921905,4.451863558,1.878908871,0.788781769,1.322813964,2.851037113,3.776386295,0.910101355,0.787881958,1.075957124,1.664680106,1.371920806,2.29959537,2.407429529,4.6994991,1.176649767,2.669133733,2.810180948,2.903939631,2.474515421,1.578214441,1.798540465,2.002287568,1.196760435,7.059328223,13.88083863,0.639376099,1.407511841,2.473613879,1.181734489,2.628983654,2.410727461,4.04472129,3.401840626,0.887173593,3.318661169,1.812104133,4.18078106,1.53652583,1.654665187,1.615467205,4.66060108,0.974594989,3.467274065,43.2852284,13.64519737,1.010280605,1.0646299,2.687374339,4.942693949,6.118045608,0.99250402,0.692098616,3.046358686,5.547905628,2.649510151,6.162613604,5.439144665,2.361467821,7.763414214,3.374904794,6.012348013,6.004385296,3.291322051,4.118690036,3.877043999,2.923431491,4.311481656,3.875085464,2.238587261,3.573001936,2.087145506,3.556362974,16.5774273,1.40915665,2.164012543,1.635829572,3.44444766,10.2370148,4.880276914,2.093999909,3.857163546,2.609837313,2.940650044,3.209657733,2.496368126,2.589817861,1.600434437,2.962270663,1.440436855,2.038173471,3.39326083,5.529589858,2.281053124,1.749785186,2.377983435,4.382477632,2.451220677,12.31698513,7.300322686,8.013813069,3.534739664,3.146374988,2.991063097,1.677697567,1.71676521,1.656955524,1.364124019,2.109149621,0.484871392,0.509946326,0.743027246,0.571279305,1.748292686,1.192468815,0.653435987,2.467002737,2.895498275,1.006601243,1.173370967,2.279649368,0.553466223,1.103389365,0.981759755,0.435190619,0.460208138,1.062965045,1.345945409,2.379195963,0.304126488,9.839492483,1.328005489,0.423382013,2.114678437,2.409888217,1.628864826,0.471577123,1.620643345,0.638101135,1.437598713,0.966555394,4.375546209,2.243632096,1.003234316,1.36146235,2.491399354,2.396842711,0.863820731,1.678907701,1.096409776,0.479073213,2.812311326,3.026158245,1.986248781,0.836698837,1.145563525,0.778806436,2.614617425,1.50925786,1.385767709,4.414815138,0.707824111,0.75198787,2.31116128,3.445437949,0.5637471,1.552666322,7.345153491,16.73236401,1.497575383,2.918096408,12.70341897,1.571978516,0.867705534,1.696334142,2.402277498,0.979768501,1.971368536,3.535577971,0.860507576,1.596161957,0.707198976,1.845489438,1.01394572,0.706254218,2.131517562,3.608244163,2.370247787,2.833730351,2.361500672,1.335685012,3.252974861,1.39390348,0.671202257,1.81599423,1.080257005,0.732424806,1.614787898,1.400428852,1.691621967,0.735789955,1.759564932,1.871325769,2.769111739,3.384641639,1.65430414,2.325426746,4.011302907,2.030649819,3.755365537,4.308749826,0.827680089,2.780197581,3.774651806,7.199546834,2.857984456,1.237224007,4.564557939,0.926243536,7.809881165,4.100415023,1.990594984,1.216476567,4.15721216,3.209549014,3.810048549,1.301933936,3.645884138,2.307167998,2.596686935,3.502594904,1.851436309,2.305203255,2.193379288,4.379809285,3.189131443,1.432932214,0.790035458,2.313033046,1.82150074,2.330427425,2.425408992,2.597268199,1.147743927,2.486668725,2.543683858,5.957235263,8.880493114,1.361564028,2.123671496,20.25624783,12.50021159,3.491897569,2.14582232,3.020538575,3.172630103,6.068021844,1.704312815,1.056975391,1.124795049,0.832693348,2.50342145,13.4871704,2.127486344,1.290875553,12.38993318,3.220914188,11.29424752,2.566093613,6.437076718,14.33661037,2.521332144,0.929041929,7.273440769,5.783881411,"_1.3.6_","PS.calvin cycle.aldolase","_1.3_"
"20","eucgr.k02489.2.p",7.405016392,6.857208404,10.65287409,16.58613963,5.928009008,10.99813559,17.57842224,32.7345936,4.592215741,5.918354731,56.91898656,18.01924167,46.62186266,21.71560964,5.042520611,0.394227506,7.250093959,0.360748057,0.159877668,0.518893086,7.755365955,5.653247914,8.234312057,7.502501907,11.22131793,11.20453324,8.499135672,7.678805723,13.13794545,16.19784312,11.4690683,2.546173646,11.41051836,4.780614885,2.190608657,6.688421177,16.32131054,10.09910505,4.605733685,11.42679036,5.683887121,14.25205851,11.07650084,9.010445916,21.49732614,16.616467,13.28575174,8.067370599,6.134778468,13.39048901,0.793795403,6.78202384,62.28787153,33.4626414,24.63440767,33.74131769,1.810617897,2.640438093,2.491788596,1.548724904,6.4219019,19.49831281,7.960199035,31.43892428,10.20520073,8.031022002,23.28643096,3.523604451,4.253031057,14.1529705,7.914461987,21.81525925,19.77749503,12.62031006,10.52841954,8.10330504,14.41979393,8.962202388,18.25818658,18.84327806,46.08790158,10.52270675,3.930308375,0.745179148,0.797005827,0.405912222,5.687645225,12.3859955,16.6046673,6.91560487,14.25840242,10.45428188,12.70512592,4.866877126,6.511491672,12.27515799,31.42850669,14.88138235,8.452931881,7.074543051,18.01564784,16.94433307,17.51985912,0.858813361,0.903513805,13.273794,11.48891829,49.23100747,44.58139171,4.170387075,1.639804556,5.918071412,10.78796371,12.12833098,0.992678547,0.494715877,1.157092805,5.010529681,18.82782996,4.691975071,11.44635963,16.63392322,4.375354411,8.043682057,8.340341551,3.541229624,8.061698502,28.11215473,22.9286045,15.62919849,16.84763281,20.6495218,33.86474622,7.180722823,10.96998333,43.44145606,1.010447878,0.47332438,1.011594246,3.454459537,4.129922867,9.083105802,32.78655077,9.134347984,10.10922109,19.12486883,7.551832096,12.2495941,4.185120519,5.16113469,13.55473763,4.863956096,3.515192544,6.608029653,4.498851403,21.28539054,20.14186825,14.52967196,7.796413276,11.27102741,7.828438829,17.53863975,15.27276161,4.704952515,3.456416408,26.86619621,53.60876995,21.74601522,6.60188361,3.163383331,0.623506264,1.454681018,0.899309068,12.59762737,25.97823481,11.93786053,10.54645247,6.564220023,18.72373548,7.36167321,15.10195847,22.76110479,16.64705242,18.14147337,4.370408688,13.38408041,5.651101848,5.013677084,32.7206463,8.511057347,6.281212763,24.98237316,30.99143753,12.75761483,4.893000262,1.869686031,19.369603,6.844118695,4.935773605,41.1272212,21.08779293,11.31316216,49.91869208,30.45368794,16.71341314,26.32023947,11.71085645,11.97016948,18.69154029,44.21820487,0.512920311,1.801859073,1.355626743,0.068233255,1.666597906,1.951823605,9.098136635,30.35895484,0.529676306,0.419296253,0.534097055,18.41702556,18.54162278,2.773363718,4.454211257,9.757484135,13.07951927,15.89575641,12.07020496,11.45816302,5.641829676,46.69775663,9.394204897,20.97279521,17.05072268,10.04098072,0.315474224,2.080753849,28.43116064,3.767970859,16.91737026,6.398733637,18.37345885,18.02035922,12.64518123,11.63220572,35.33202258,2.556395338,13.85289107,29.56803885,20.31166974,1.202766681,35.48783209,8.854847164,18.75192277,12.58369497,19.25032635,25.3916865,27.1103052,8.003264966,8.929917081,15.4241466,13.35322372,11.92742253,11.21853569,8.683257689,8.538753116,17.10798173,24.91434417,9.982383627,11.20737468,6.247609685,0.711912295,13.9860763,23.40735435,11.40687114,25.31733943,13.24910269,10.49427324,12.23089862,15.23212941,19.13025433,0.406587588,37.22773295,15.68744791,40.34661134,8.843120175,15.50608116,23.41450674,27.64819362,0.39491602,3.623778097,7.142708988,0.835320963,1.396827508,0.997939871,2.123749318,5.366985801,9.59278349,1.776151115,5.143169913,13.35112811,9.748244485,1.631516532,3.27815258,7.712016838,14.99669852,46.20393777,11.37129285,9.319856972,8.319081932,10.13485566,20.43273304,19.77026492,"_1.3.11_","PS.calvin cycle.RPE","_1.3_"
