Protein,MW
Eucgr.A02249.1.p,175286.2703
Eucgr.C03047.1.p,114433.2619
tr|T1QKK4|T1QKK4_EUCGL,52670.46354
Eucgr.K02198.1.p,101907.322
Eucgr.F01462.2.p,93924.47319
Eucgr.G03075.1.p,193100.3894
tr|T1QLQ3|T1QLQ3_EUCGL,53695.02108
Eucgr.D02467.1.p,80248.57015
Eucgr.B02278.2.p,95577.34359
Eucgr.J02030.1.p,51298.51199
Eucgr.G01465.1.p,122103.7734
Eucgr.B03110.1.p,90546.78116
Eucgr.I01982.1.p,108780.8893
Eucgr.F01476.1.p,50129.83744
Eucgr.C03199.1.p,94464.30916
Eucgr.F03980.1.p,85876.14097
Eucgr.I02171.1.p,104703.5215
Eucgr.A02734.2.p,79218.22059
Eucgr.B02532.2.p,69117.72109
Eucgr.K00881.1.p,66598.75434
Eucgr.I02771.1.p,75986.44985
Eucgr.I01423.1.p,42200.82098
Eucgr.B03593.2.p,64352.95199
Eucgr.D01833.1.p,101577.8358
Eucgr.A02126.4.p,84788.01513
Eucgr.K01256.1.p,89373.49839
Eucgr.D02023.1.p,85507.74421
Eucgr.K02521.1.p,101262.2782
Eucgr.H02531.1.p,164688.374
Eucgr.I00580.1.p,57071.25417
Eucgr.F04114.1.p,67947.84951
Eucgr.H02866.1.p,61152.27197
Eucgr.B00357.1.p,58156.0245
Eucgr.L02773.1.p,44430.93112
Eucgr.K02786.1.p,62438.13255
Eucgr.B03720.1.p,44137.96087
Eucgr.I02340.1.p,40782.84375
Eucgr.D02024.1.p,65083.49932
Eucgr.I01025.1.p,34918.70944
Eucgr.G02224.1.p,60843.71038
Eucgr.F01206.1.p,76405.75306
Eucgr.C02720.2.p,50634.942
Eucgr.B01108.2.p,57422.50507
Eucgr.F01413.2.p,35651.98745
Eucgr.C02594.1.p,53070.19718
Eucgr.F02905.2.p,50284.4115
Eucgr.F04030.1.p,68653.98354
tr|T1QL63|T1QL63_EUCGL,55478.13498
sp|K2C1_HUMAN,65846.9451
Eucgr.H03642.1.p,105028.2944
sp|OVAL_CHICK,42853.50252
Eucgr.G01375.1.p,115922.6294
Eucgr.F01793.1.p,48212.79614
Eucgr.C00345.1.p,59657.88991
Eucgr.J02991.1.p,95604.07885
Eucgr.H04086.1.p,53313.84073
Eucgr.J02233.1.p,84631.89101
Eucgr.E01261.1.p,45247.08229
Eucgr.I00240.1.p,41700.92142
Eucgr.K00264.1.p,50273.88258
Eucgr.A01933.1.p,74119.61882
Eucgr.C01279.1.p,128521.8014
Eucgr.F03557.1.p,55463.60235
Eucgr.A02778.2.p,145747.1703
sp|K1C9_HUMAN,62091.90897
Eucgr.H03311.1.p,42457.92478
Eucgr.G01726.1.p,42850.0786
Eucgr.H01479.1.p,43557.22237
Eucgr.H04427.1.p,57497.84561
Eucgr.B02942.2.p,63416.96024
Eucgr.C01179.1.p,78959.09768
Eucgr.I01790.1.p,41647.36768
Eucgr.F04099.1.p,30312.7398
Eucgr.B02495.1.p,82190.22864
Eucgr.B02312.1.p,69166.26752
Eucgr.K01372.1.p,58235.52092
Eucgr.J01907.1.p,186212.5005
Eucgr.F02017.1.p,38240.94658
Eucgr.E02785.2.p,64689.84047
Eucgr.H04673.1.p,47404.85207
Eucgr.E01024.1.p,79481.23376
Eucgr.F02133.1.p,67956.7658
Eucgr.K00185.2.p,69857.69459
Eucgr.A01915.2.p,109951.7508
Eucgr.J01121.1.p,49272.75821
Eucgr.C03069.1.p,101656.5927
Eucgr.H00972.1.p,93711.18299
Eucgr.A01129.1.p,86426.36878
Eucgr.J00242.1.p,42031.38641
Eucgr.H02678.2.p,53118.03184
Eucgr.L00009.1.p,43179.51333
Eucgr.C02666.1.p,110493.8109
Eucgr.K00727.1.p,50261.58082
sp|P05492|ATPAM_OENBI,55562.19328
Eucgr.H03948.2.p,78668.5866
sp|K1C10_HUMAN,59482.87603
tr|T1QLB6|T1QLB6_EUCGL,82385.73896
Eucgr.F04457.1.p,119909.4589
Eucgr.G01975.2.p,85722.96773
Eucgr.D00319.1.p,28127.12669
Eucgr.H04045.2.p,65784.0091
Eucgr.B02755.2.p,44579.54479
Eucgr.G01708.2.p,129484.4617
Eucgr.K02544.2.p,41852.95011
Eucgr.C03418.1.p,46597.88918
Eucgr.F01776.1.p,57150.56191
Eucgr.H03302.1.p,118464.3242
Eucgr.D01093.1.p,44678.95081
Eucgr.H00078.1.p,59116.39735
Eucgr.G01045.2.p,73034.80212
Eucgr.B01163.2.p,47900.20595
Eucgr.J00025.1.p,81195.24305
Eucgr.J01502.2.p,20041.08499
Eucgr.G01186.1.p,49565.36079
Eucgr.I01027.1.p,79436.98826
Eucgr.H00201.1.p,76032.57105
Eucgr.H04482.1.p,51277.01434
Eucgr.A01004.3.p,104920.389
Eucgr.G03060.1.p,30286.71623
Eucgr.J01758.1.p,51450.22424
Eucgr.J00856.1.p,113954.3583
Eucgr.G01124.1.p,58933.82397
Eucgr.J00965.2.p,27316.94087
Eucgr.I01241.1.p,52087.30224
Eucgr.B03067.1.p,119454.0096
Eucgr.B01439.1.p,33556.91432
Eucgr.I01564.1.p,42836.31987
Eucgr.I01807.1.p,34031.50673
Eucgr.H00143.1.p,45171.7531
Eucgr.L02980.1.p,25135.78203
Eucgr.I00545.1.p,142453.6881
Eucgr.A02374.1.p,82531.36278
Eucgr.J00865.1.p,44847.71434
Eucgr.C02177.2.p,57236.26311
Eucgr.F04330.1.p,68917.94149
Eucgr.H02679.1.p,51755.04783
Eucgr.H00132.1.p,42932.0478
Eucgr.G02543.2.p,103266.5204
Eucgr.J01621.1.p,81037.14196
Eucgr.F04149.1.p,26473.13446
Eucgr.E04053.1.p,40763.49493
Eucgr.J00820.1.p,101750.411
Eucgr.E00872.1.p,37965.30669
Eucgr.D00261.2.p,80858.25044
Eucgr.I01816.1.p,50084.31931
tr|T1QKM1|T1QKM1_EUCGL,35229.62181
Eucgr.J01234.1.p,51801.50354
Eucgr.B00856.1.p,36099.1614
Eucgr.K01053.1.p,97619.29137
Eucgr.I01374.1.p,33484.99324
Eucgr.K01679.1.p,111800.2358
Eucgr.E01119.5.p,38511.54197
Eucgr.H00494.1.p,130248.0907
tr|T1QKE2|T1QKE2_EUCGL,51802.73913
Eucgr.F03504.3.p,61492.77449
Eucgr.H04084.2.p,45416.56887
Eucgr.G03374.2.p,62347.45696
Eucgr.K01422.1.p,43105.31402
Eucgr.A00394.3.p,67531.98814
Eucgr.F01770.1.p,96483.60259
Eucgr.A02039.1.p,28017.07467
Eucgr.A02095.1.p,58210.93016
Eucgr.E03874.2.p,39972.76046
Eucgr.C00137.2.p,107889.2926
Eucgr.B02711.1.p,35688.42717
Eucgr.F03988.1.p,33383.17874
Eucgr.B00316.1.p,51760.09318
Eucgr.E03875.1.p,39784.32265
Eucgr.A01538.1.p,38405.0429
Eucgr.H01158.1.p,147831.541
Eucgr.H01352.1.p,84975.62411
Eucgr.G01942.1.p,40063.64048
Eucgr.H01876.2.p,37473.96071
Eucgr.G00649.1.p,84247.11172
Eucgr.J00327.5.p,55165.82296
Eucgr.F02835.1.p,41253.3563
Eucgr.F02711.1.p,37221.81937
Eucgr.I01129.1.p,71093.56798
Eucgr.K01249.1.p,37395.69259
Eucgr.C03295.3.p,26778.29221
Eucgr.I01492.1.p,108843.091
Eucgr.H01506.2.p,121711.8796
Eucgr.G01788.2.p,54414.71826
Eucgr.J01037.1.p,47763.50964
Eucgr.G01193.2.p,54971.58281
Eucgr.K00588.2.p,41950.13116
Eucgr.C04031.1.p,67619.17147
Eucgr.E00280.5.p,30400.81816
Eucgr.H05076.1.p,59000.46382
Eucgr.H04065.1.p,59885.02439
Eucgr.C00933.1.p,63365.67882
Eucgr.B02118.2.p,42581.00343
Eucgr.E00068.1.p,48088.36728
Eucgr.K02074.2.p,54319.56183
Eucgr.K01045.1.p,41373.56424
Eucgr.F04208.1.p,44530.81181
Eucgr.K02110.2.p,63934.70173
Eucgr.B03031.1.p,65636.16065
Eucgr.F03862.1.p,88018.27742
Eucgr.F04463.1.p,42208.50051
Eucgr.A00406.1.p,53519.02824
Eucgr.H00199.1.p,76851.66668
Eucgr.H04662.1.p,104395.7917
Eucgr.K03307.2.p,59786.01311
Eucgr.A01044.1.p,89223.11672
Eucgr.A02664.1.p,50834.06674
Eucgr.C00142.1.p,41278.45174
Eucgr.J00682.1.p,63945.56952
Eucgr.I01408.1.p,31503.20976
Eucgr.F04344.2.p,42837.92017
Eucgr.I02018.1.p,29361.23721
Eucgr.K02916.3.p,101137.0735
Eucgr.B03195.1.p,47179.08988
Eucgr.L00637.1.p,55916.91956
Eucgr.A02306.1.p,51196.19546
Eucgr.C01749.3.p,48132.52534
Eucgr.H00595.1.p,56302.71176
Eucgr.K02346.1.p,30602.72591
Eucgr.K02185.1.p,108000.5045
Eucgr.A02656.1.p,62499.04121
Eucgr.I00662.1.p,59030.04216
Eucgr.I01600.1.p,114390.2505
Eucgr.H04659.1.p,53010.01314
Eucgr.K01341.1.p,56149.75603
Eucgr.F01561.2.p,62628.41663
Eucgr.B03691.1.p,78008.10789
Eucgr.I01263.1.p,98544.74384
Eucgr.F02901.1.p,46660.70069
Eucgr.G03281.1.p,120599.6942
Eucgr.I00206.1.p,155252.4462
Eucgr.I01715.1.p,82239.03369
Eucgr.K01105.1.p,63120.1917
Eucgr.A00249.1.p,56451.1439
Eucgr.J02249.4.p,66128.1025
Eucgr.B02306.1.p,56680.57929
sp|MYG_HORSE,17072.00511
Eucgr.K02766.2.p,77701.00515
Eucgr.F03856.1.p,68884.38109
Eucgr.A01397.1.p,47388.85807
Eucgr.E01068.4.p,66742.36325
Eucgr.C03791.1.p,39984.5211
Eucgr.H02605.2.p,41756.27622
Eucgr.I02782.1.p,47477.35858
Eucgr.F01823.2.p,67400.67117
Eucgr.F03722.1.p,55717.91964
Eucgr.D01707.2.p,96608.41215
Eucgr.G03331.1.p,41161.54518
Eucgr.B03603.1.p,31901.42553
Eucgr.A00868.1.p,60394.57888
sp|K22E_HUMAN,65825.39172
Eucgr.K00213.1.p,38953.62401
Eucgr.K02962.1.p,29893.32191
tr|T1QKK1|T1QKK1_EUCGL,56046.47144
Eucgr.K01497.1.p,35089.92217
Eucgr.B03166.3.p,108267.9993
Eucgr.H04815.1.p,56349.64951
Eucgr.F03537.1.p,57318.89305
Eucgr.H01015.2.p,106484.0378
Eucgr.F02482.1.p,29432.73364
Eucgr.H02358.5.p,34783.5496
Eucgr.J00008.1.p,27207.19367
Eucgr.J01181.1.p,124678.1545
Eucgr.F02483.1.p,59091.74537
Eucgr.J00612.1.p,91446.57201
Eucgr.K02642.1.p,46157.33588
Eucgr.F03012.1.p,80720.35868
Eucgr.A02100.1.p,53918.39305
Eucgr.F04425.1.p,121100.7092
Eucgr.F04354.1.p,76129.6895
Eucgr.B00511.2.p,43433.07642
Eucgr.C00774.1.p,32459.94785
Eucgr.L00271.3.p,79342.2903
Eucgr.I02092.2.p,53456.36722
Eucgr.A00095.1.p,35629.24766
Eucgr.G03107.1.p,32787.30945
Eucgr.B03004.1.p,90614.23589
Eucgr.J00618.1.p,60342.47027
Eucgr.J01595.2.p,29695.29334
Eucgr.F03139.1.p,37774.15101
Eucgr.F01600.1.p,44453.3013
Eucgr.J02467.1.p,48291.89696
tr|T1QKM6|T1QKM6_EUCGL,45517.25704
Eucgr.J01823.2.p,49836.9561
Eucgr.B03621.1.p,67366.38821
Eucgr.H04692.1.p,29223.66328
Eucgr.H00090.1.p,48466.84379
Eucgr.C00416.4.p,68302.46024
Eucgr.B01990.4.p,71333.78991
Eucgr.H03041.1.p,47135.45124
tr|T1QL77|T1QL77_EUCGL,83047.56285
Eucgr.H04495.1.p,97907.19575
Eucgr.K02244.1.p,57523.99309
Eucgr.F04018.1.p,35007.95108
Eucgr.F01221.5.p,47364.0182
Eucgr.F03789.1.p,28086.03501
Eucgr.J02605.2.p,33865.8419
Eucgr.G00478.1.p,70901.39785
Eucgr.B00436.2.p,61974.67492
Eucgr.I02307.2.p,98166.61053
Eucgr.D01829.1.p,99449.75647
Eucgr.F02872.1.p,39230.52078
Eucgr.H01094.1.p,92219.161
Eucgr.G03333.1.p,46619.57862
Eucgr.K03589.1.p,40725.93245
tr|T1QL58|T1QL58_EUCGL,38939.46898
Eucgr.H01524.1.p,48906.58671
Eucgr.D01734.3.p,73066.533
Eucgr.A02042.1.p,40977.22627
Eucgr.A00348.1.p,60662.8115
Eucgr.J03143.1.p,30839.18237
Eucgr.F04417.1.p,21642.4853
Eucgr.G00235.1.p,75759.53988
Eucgr.L00011.1.p,71803.55465
Eucgr.A02910.1.p,34402.98067
Eucgr.I01792.1.p,46342.76058
Eucgr.A02753.1.p,61313.27113
Eucgr.I00594.1.p,73630.43446
Eucgr.H00206.1.p,75460.11145
Eucgr.B02608.2.p,44038.83447
Eucgr.K03531.1.p,39003.81017
tr|B5TM95|B5TM95_ARATH,44984.78288
Eucgr.B03357.1.p,83655.29937
Eucgr.A01927.1.p,47066.65507
Eucgr.L00747.2.p,34628.28814
Eucgr.H03047.1.p,35559.29686
Eucgr.B03570.1.p,69604.47261
tr|T1QL72|T1QL72_EUCGL,39523.80933
Eucgr.K02027.1.p,59849.95637
Eucgr.H03269.3.p,117630.8346
Eucgr.F03029.1.p,23213.48359
Eucgr.H00245.2.p,35060.4528
Eucgr.K02606.1.p,30042.54396
Eucgr.C02393.1.p,50770.21213
Eucgr.J00040.5.p,38971.01056
Eucgr.B01088.1.p,23224.20301
Eucgr.K03563.2.p,37529.66665
Eucgr.I00200.2.p,17945.09872
Eucgr.J01771.1.p,123688.6842
Eucgr.F03011.3.p,103323.1241
Eucgr.H03518.1.p,61903.93475
Eucgr.K03340.2.p,47710.97462
Eucgr.D01335.1.p,32340.57187
Eucgr.K01362.1.p,29176.02902
Eucgr.H04428.2.p,57285.91958
Eucgr.I00773.1.p,57325.57144
Eucgr.H04880.1.p,27556.79757
Eucgr.A00992.1.p,28237.99435
Eucgr.J03079.1.p,42424.59697
Eucgr.H01172.1.p,23755.13861
Eucgr.D02073.2.p,24329.26764
tr|T1QKD3|T1QKD3_EUCGL,21420.11475
Eucgr.B01475.2.p,38352.10903
Eucgr.I02231.1.p,46518.89257
Eucgr.G02039.3.p,46456.82305
Eucgr.D00957.1.p,23161.6169
Eucgr.B02001.1.p,61400.74538
Eucgr.B02112.1.p,30889.42497
Eucgr.I01779.6.p,20653.70043
Eucgr.F04015.1.p,106416.6828
Eucgr.F04345.2.p,48397.87731
Eucgr.H01051.2.p,21991.48245
Eucgr.K03255.3.p,81363.16707
Eucgr.I00922.1.p,72873.12092
Eucgr.F02744.3.p,37658.97102
Eucgr.K02650.1.p,35607.89245
Eucgr.C01383.1.p,74587.54565
Eucgr.B02610.1.p,67828.99539
Eucgr.F00129.1.p,44037.86171
Eucgr.I01037.1.p,53544.72231
Eucgr.F02481.1.p,36838.21211
Eucgr.B03379.1.p,43355.04104
Eucgr.F01428.1.p,25436.06567
Eucgr.K02223.1.p,20357.39779
Eucgr.F03707.1.p,33754.31902
Eucgr.H04456.1.p,31960.66166
Eucgr.B00177.1.p,40194.44242
Eucgr.K01508.1.p,82854.75535
Eucgr.B02879.1.p,32510.02495
Eucgr.F00373.3.p,37068.82885
Eucgr.I01938.2.p,20904.19385
Eucgr.F01437.2.p,106553.6699
Eucgr.J01142.3.p,26933.63582
Eucgr.F03161.3.p,59809.41878
Eucgr.L01103.1.p,37919.40169
Eucgr.H00849.1.p,39651.70149
Eucgr.H03281.2.p,58671.18236
Eucgr.A02097.5.p,44225.81923
Eucgr.E02747.1.p,30948.19938
Eucgr.G01978.1.p,47903.83437
Eucgr.I02163.1.p,59268.90446
tr|T1QKF3|T1QKF3_EUCGL,14602.75832
Eucgr.J00330.1.p,39107.24161
Eucgr.A01047.1.p,28568.41978
Eucgr.J01844.1.p,57914.77467
Eucgr.B04013.1.p,110815.1859
Eucgr.B00589.1.p,35689.81892
Eucgr.K02765.1.p,35326.5012
Eucgr.F02848.1.p,113700.0244
Eucgr.A01533.1.p,96021.71541
Eucgr.F02946.1.p,97143.9185
Eucgr.C00154.1.p,76053.17242
Eucgr.A02177.1.p,46878.17359
Eucgr.F03251.1.p,36032.14353
Eucgr.C03728.1.p,54024.93228
Eucgr.J01372.2.p,53057.29803
Eucgr.C00059.1.p,54857.04039
Eucgr.F03922.1.p,50033.59492
Eucgr.F03885.1.p,87790.20219
Eucgr.B00523.1.p,32440.8857
Eucgr.B01498.1.p,34951.06877
Eucgr.B03320.1.p,41991.17781
Eucgr.F03586.1.p,94025.52084
Eucgr.K00048.2.p,27967.9501
Eucgr.F01229.1.p,110062.452
Eucgr.F03709.1.p,99496.63915
Eucgr.K02981.1.p,32822.80915
Eucgr.H04606.1.p,27237.96068
Eucgr.F01098.1.p,43125.10545
Eucgr.C03704.1.p,54515.87732
Eucgr.B02769.1.p,82124.39916
Eucgr.F04398.1.p,27238.84958
Eucgr.E01416.1.p,32855.73239
Eucgr.B02226.1.p,121121.7715
Eucgr.C00658.2.p,53860.33283
Eucgr.I01668.3.p,48540.11826
Eucgr.G01491.1.p,33548.91512
Eucgr.F03933.1.p,43521.4846
Eucgr.F02130.1.p,28324.30561
Eucgr.A01769.1.p,26796.52377
Eucgr.H01287.3.p,35356.19088
Eucgr.J00415.1.p,112902.5755
Eucgr.A01711.1.p,25138.55817
Eucgr.L02740.1.p,38260.29179
Eucgr.G02804.1.p,19683.97955
Eucgr.D01324.3.p,134718.7993
Eucgr.H04753.1.p,34097.25293
Eucgr.H03271.1.p,113155.4338
Eucgr.D00854.1.p,24602.08782
Eucgr.J00326.1.p,46507.25734
Eucgr.K02073.1.p,38540.00616
Eucgr.A01273.1.p,36599.16414
Eucgr.B03800.2.p,130555.5486
Eucgr.K01549.1.p,35808.32972
Eucgr.A01180.1.p,27442.09209
Eucgr.J02987.2.p,93696.11514
Eucgr.F00484.1.p,252372.2673
Eucgr.D02465.1.p,54547.10944
Eucgr.G03412.1.p,52833.30031
Eucgr.G03148.1.p,60776.5628
Eucgr.I02418.1.p,24026.22907
Eucgr.F02574.1.p,47664.02787
Eucgr.F02423.1.p,36057.75554
Eucgr.J02596.2.p,24867.3771
Eucgr.A02714.1.p,41602.91888
Eucgr.E00338.1.p,35618.81979
Eucgr.F03816.1.p,25882.43528
Eucgr.J01975.1.p,18678.48018
Eucgr.A01135.1.p,41284.13495
Eucgr.F02968.1.p,31174.00803
tr|T1QLP6|T1QLP6_EUCGL,23425.72578
Eucgr.K00785.2.p,29055.78072
tr|T1QKJ7|T1QKJ7_EUCGL,18596.41439
Eucgr.A02348.2.p,153048.8986
Eucgr.G01188.2.p,44481.56255
Eucgr.D00191.1.p,37261.51021
Eucgr.H03464.1.p,34191.01643
Eucgr.J00982.1.p,32193.69008
Eucgr.E01551.1.p,30238.81281
Eucgr.G03132.1.p,25626.14833
Eucgr.C04160.1.p,47790.09213
Eucgr.J00292.1.p,46375.9112
Eucgr.C03716.2.p,66155.59524
Eucgr.B02310.1.p,47831.97328
Eucgr.B02546.1.p,16883.71382
Eucgr.A02370.1.p,29762.96331
Eucgr.F01905.1.p,23383.98824
Eucgr.I01691.3.p,59409.53341
Eucgr.I02583.1.p,73250.91718
Eucgr.F02830.1.p,35999.30315
Eucgr.F00184.2.p,51764.54154
Eucgr.H04142.1.p,83845.16574
Eucgr.D01169.1.p,68670.72871
Eucgr.B03437.1.p,40720.00812
Eucgr.K00387.1.p,71844.7771
Eucgr.D01115.1.p,29916.09354
Eucgr.F04458.3.p,34718.44
Eucgr.J00468.1.p,43725.48852
Eucgr.K01314.1.p,60880.10833
Eucgr.J01165.3.p,134262.1929
Eucgr.K01401.1.p,40413.40838
Eucgr.K00070.1.p,41050.70525
Eucgr.E03981.1.p,36231.98575
Eucgr.K00389.1.p,24473.16011
Eucgr.J00859.1.p,46383.01899
Eucgr.H01393.1.p,33465.08574
Eucgr.H00043.1.p,89729.57961
Eucgr.I01541.1.p,48960.91036
Eucgr.B02431.1.p,116687.7171
Eucgr.G02317.1.p,28859.58873
Eucgr.K03149.1.p,11402.4033
Eucgr.H01081.1.p,53481.26989
Eucgr.E00406.1.p,74361.75133
Eucgr.F03796.1.p,46354.62775
Eucgr.F00026.4.p,81057.92195
Eucgr.D00614.1.p,64261.259
Eucgr.C01514.1.p,50798.82457
Eucgr.F03433.1.p,52451.48966
Eucgr.G02904.1.p,26841.9403
Eucgr.H04687.1.p,48925.20556
Eucgr.C03557.1.p,28524.89322
Eucgr.B00131.1.p,26475.81984
Eucgr.E03807.1.p,72226.30738
Eucgr.H00144.2.p,30057.1213
Eucgr.J00524.1.p,50170.31256
Eucgr.G03390.1.p,26279.17939
Eucgr.F03673.1.p,80506.97284
Eucgr.C03812.1.p,17333.05829
Eucgr.A01555.1.p,14894.76191
Eucgr.C03068.1.p,120454.9913
Eucgr.A02966.1.p,123532.4275
Eucgr.D02319.1.p,28787.22279
Eucgr.B01217.1.p,37296.94698
Eucgr.G01732.1.p,38150.07341
Eucgr.K00402.3.p,25463.90458
Eucgr.F03703.1.p,24777.65894
Eucgr.K03205.1.p,44859.02292
Eucgr.J02430.1.p,40802.79005
Eucgr.B00427.4.p,31407.14905
Eucgr.J00176.1.p,28905.58578
Eucgr.C02909.1.p,65338.41781
Eucgr.H03608.1.p,25897.15208
Eucgr.F03957.1.p,51724.56258
Eucgr.J01084.1.p,66061.82011
Eucgr.L03428.2.p,36385.45563
Eucgr.K02304.2.p,111635.4132
Eucgr.D02227.2.p,28950.01445
Eucgr.B03930.2.p,22326.68211
Eucgr.A01774.1.p,34757.65417
Eucgr.G01342.1.p,55471.95618
Eucgr.D00127.1.p,44281.99247
Eucgr.F02123.2.p,52941.76816
Eucgr.E02392.1.p,42535.84282
Eucgr.J02583.1.p,47708.48706
Eucgr.C04168.1.p,25125.62723
Eucgr.I00242.1.p,46468.21364
Eucgr.J00864.1.p,34328.07153
Eucgr.C02765.1.p,24496.40299
Eucgr.B03696.1.p,41489.67707
Eucgr.E02761.1.p,60544.60064
Eucgr.H01176.1.p,23787.26728
Eucgr.K02738.1.p,52298.71631
Eucgr.E03983.1.p,69554.45944
Eucgr.K00732.1.p,47022.05054
Eucgr.H04831.4.p,87471.19843
Eucgr.K00001.1.p,36308.59906
Eucgr.F02299.1.p,63848.51149
Eucgr.B01156.4.p,25686.3517
Eucgr.F03879.1.p,241984.9846
Eucgr.F02506.1.p,54770.471
Eucgr.K02971.1.p,43206.37759
Eucgr.I02515.2.p,37842.64248
Eucgr.C03020.1.p,70711.77842
Eucgr.H02940.1.p,56877.29307
Eucgr.C02092.2.p,89112.88215
Eucgr.D02190.2.p,55086.03301
Eucgr.A01959.2.p,54350.26237
Eucgr.D00304.1.p,29667.80902
Eucgr.K02065.2.p,156645.9103
Eucgr.A01018.1.p,38922.81847
Eucgr.K01487.1.p,27221.03538
Eucgr.I01014.1.p,29159.81201
Eucgr.G02347.2.p,64273.72481
Eucgr.A01225.1.p,38636.10524
Eucgr.K03363.1.p,31671.8481
Eucgr.A02451.1.p,44946.40064
Eucgr.I01649.1.p,37138.91894
Eucgr.H02852.1.p,53192.37676
Eucgr.I01911.2.p,104695.87
Eucgr.B02456.2.p,27254.6997
Eucgr.E03880.1.p,78808.72992
Eucgr.B02180.2.p,54332.00997
Eucgr.G03042.1.p,34260.79644
Eucgr.K02119.1.p,44638.53328
Eucgr.G01640.1.p,54237.19754
Eucgr.B03019.1.p,42032.41926
Eucgr.B02600.1.p,71380.99388
Eucgr.L00543.2.p,45361.95854
Eucgr.L02476.1.p,33835.96456
Eucgr.B03677.1.p,95815.57459
Eucgr.F04474.1.p,56895.43861
Eucgr.L01179.3.p,22197.35845
Eucgr.C00239.1.p,203834.4993
Eucgr.D01990.1.p,16512.37127
Eucgr.F00627.1.p,24953.43063
Eucgr.A00018.2.p,34098.65142
Eucgr.B02893.1.p,79984.36563
Eucgr.G01834.1.p,44290.03327
Eucgr.H03140.1.p,25280.761
Eucgr.I02041.1.p,45949.50736
Eucgr.G03401.1.p,25338.02992
Eucgr.A01392.1.p,40203.23131
Eucgr.G02544.1.p,29559.23593
Eucgr.J02694.1.p,28959.9748
Eucgr.D01848.1.p,59662.16245
Eucgr.A00549.2.p,64971.6763
Eucgr.B03309.1.p,17690.48784
Eucgr.H00817.2.p,44697.47031
Eucgr.C00830.1.p,34386.27242
Eucgr.D01944.1.p,36864.62607
Eucgr.J01599.3.p,18732.00271
Eucgr.H03154.1.p,52175.22492
Eucgr.D00699.2.p,40518.3774
Eucgr.C00990.1.p,35621.38843
Eucgr.B03902.1.p,43332.0875
Eucgr.G01686.1.p,38857.59958
Eucgr.F03005.1.p,102386.4915
Eucgr.J00283.1.p,34749.49618
Eucgr.K02831.1.p,78037.65322
Eucgr.G02764.1.p,23605.50826
Eucgr.G00236.3.p,62734.40874
Eucgr.E03977.1.p,35667.08993
Eucgr.H02625.1.p,64468.49305
Eucgr.D02028.2.p,31159.43138
Eucgr.F01883.2.p,29267.08874
Eucgr.J02133.1.p,29289.22601
Eucgr.K03198.1.p,37877.10397
Eucgr.D01945.1.p,39868.72591
Eucgr.J03127.1.p,71425.51264
Eucgr.C01134.2.p,35762.5844
Eucgr.G01121.1.p,33271.36785
Eucgr.A00188.1.p,17240.81808
Eucgr.G02896.1.p,48925.21103
Eucgr.E03294.1.p,81412.35671
Eucgr.J02207.3.p,41980.45164
Eucgr.I02334.1.p,27162.26427
Eucgr.I02452.1.p,68829.1658
Eucgr.J00880.1.p,19638.36956
Eucgr.F01066.1.p,97521.79601
Eucgr.D00571.1.p,61455.65521
Eucgr.G02468.1.p,17348.60232
Eucgr.L02860.1.p,17270.96342
Eucgr.C00370.1.p,21352.88885
Eucgr.F02894.1.p,38788.76063
Eucgr.F03036.1.p,34238.03466
Eucgr.L02103.1.p,64330.0022
Eucgr.A02448.1.p,41518.53697
Eucgr.B03367.1.p,65422.08979
Eucgr.C02986.2.p,53975.56296
Eucgr.G02956.1.p,22722.69215
Eucgr.J01127.1.p,52132.29418
Eucgr.C00706.1.p,39626.40101
Eucgr.B03759.1.p,52034.48605
Eucgr.K02475.2.p,43333.69469
Eucgr.K02983.1.p,30861.89707
Eucgr.J00270.1.p,73857.94657
Eucgr.E00118.1.p,40648.76198
tr|T1QKL3|T1QKL3_EUCGL,29870.11449
Eucgr.F01637.2.p,53814.96164
Eucgr.E00873.1.p,68423.90392
Eucgr.I01333.1.p,34638.8264
Eucgr.F01231.1.p,84975.20408
Eucgr.D02251.1.p,66670.13827
Eucgr.B00512.1.p,54149.17515
Eucgr.D01035.1.p,42051.94765
Eucgr.B03349.2.p,58990.33201
Eucgr.I02676.1.p,24491.62346
Eucgr.E00121.1.p,55792.45653
Eucgr.F03288.1.p,24198.23854
Eucgr.H02584.1.p,38485.89005
Eucgr.H03981.1.p,17418.88711
Eucgr.H04776.1.p,27251.67849
tr|T1QKR1|T1QKR1_EUCGL,24909.46267
Eucgr.D02253.2.p,32128.40355
Eucgr.B02389.3.p,26377.323
Eucgr.G02545.1.p,34659.5166
Eucgr.B03604.2.p,49527.50121
Eucgr.E00180.1.p,132242.0165
Eucgr.A02717.1.p,19260.83316
Eucgr.J01600.2.p,29757.37913
Eucgr.L03176.1.p,20084.45474
Eucgr.B03154.1.p,44823.96299
Eucgr.H03916.1.p,120449.5197
Eucgr.H00913.2.p,74255.94742
Eucgr.I01306.3.p,82993.60821
Eucgr.B02294.2.p,18020.36428
Eucgr.F02479.1.p,27279.07204
Eucgr.F03633.1.p,141688.1404
Eucgr.H02913.1.p,58727.50285
sp|TRYP_PIG,24393.80496
Eucgr.F00370.2.p,37068.71183
Eucgr.I02606.1.p,57707.28264
Eucgr.H00618.1.p,17496.10226
Eucgr.B03943.1.p,73899.26815
Eucgr.A02376.2.p,80490.55165
Eucgr.D01874.1.p,84258.36966
Eucgr.H03939.3.p,14233.43736
Eucgr.K00110.7.p,21475.8422
Eucgr.G02443.2.p,40471.4073
Eucgr.A00428.2.p,38410.05262
sp|Q95748|NDUS3_ARATH,22865.42551
Eucgr.A01368.2.p,41919.26563
Eucgr.A02337.1.p,45225.64853
Eucgr.D02357.1.p,49687.56081
Eucgr.J00347.1.p,40832.63892
Eucgr.J00687.1.p,17415.80411
Eucgr.I02806.4.p,24151.50053
Eucgr.B02936.1.p,92203.05552
Eucgr.I02616.1.p,44228.72939
Eucgr.B03234.1.p,35296.97716
Eucgr.H01006.1.p,32476.40701
Eucgr.E00370.1.p,22577.26431
Eucgr.J03134.1.p,74952.32782
Eucgr.B01112.1.p,20810.71318
Eucgr.F00243.1.p,27342.59891
Eucgr.D01750.1.p,38533.34463
Eucgr.G00777.1.p,27423.02304
Eucgr.K02019.2.p,31843.72238
Eucgr.E00228.1.p,44809.34407
Eucgr.K02753.1.p,26592.75186
Eucgr.H03983.1.p,17553.88928
Eucgr.A02874.1.p,25775.54044
Eucgr.L02144.1.p,16221.03174
Eucgr.H01345.1.p,82380.12495
Eucgr.D02015.3.p,48253.96912
Eucgr.B03494.1.p,28368.37309
Eucgr.K00563.2.p,58064.17521
Eucgr.H01461.1.p,37485.18816
Eucgr.D00194.1.p,22517.49907
Eucgr.H02629.2.p,65305.89537
Eucgr.J01957.1.p,18794.45295
Eucgr.J00529.1.p,38021.04555
Eucgr.I00711.1.p,29686.30682
Eucgr.L00023.1.p,34305.9357
Eucgr.B02162.1.p,14970.8425
Eucgr.F02016.1.p,38875.32828
Eucgr.G01359.1.p,42177.34369
Eucgr.D02221.1.p,38125.52144
Eucgr.C00141.1.p,69535.84077
Eucgr.B00159.1.p,34420.85659
Eucgr.G03192.1.p,21944.82865
Eucgr.F01880.1.p,40998.86533
Eucgr.K03460.2.p,31815.03649
Eucgr.D02462.1.p,17127.55326
Eucgr.C01003.3.p,64041.26939
Eucgr.F00368.1.p,28247.53882
Eucgr.C02498.1.p,20928.53865
Eucgr.F01378.3.p,28761.84222
Eucgr.F01663.1.p,50043.81272
Eucgr.D00295.1.p,24670.88306
Eucgr.C02897.1.p,62059.03869
Eucgr.K00285.1.p,49111.1107
Eucgr.C02133.1.p,25277.67225
Eucgr.C01104.2.p,44399.98477
Eucgr.D01216.1.p,60335.48896
Eucgr.H02295.3.p,42685.60495
Eucgr.A02519.2.p,22886.17489
Eucgr.B02718.1.p,32378.06133
Eucgr.I02232.1.p,40065.58665
Eucgr.J02215.1.p,52328.14694
Eucgr.J02122.1.p,59989.5399
Eucgr.L00627.1.p,20909.76669
Eucgr.E03917.1.p,28971.74005
Eucgr.J02453.3.p,47736.62353
Eucgr.J00099.3.p,32320.87532
Eucgr.J00431.1.p,66828.23825
Eucgr.F04219.1.p,19763.24841
Eucgr.I01618.1.p,32600.67613
Eucgr.I01647.1.p,22405.34782
Eucgr.C04003.1.p,75300.24639
Eucgr.F01217.3.p,45982.78637
Eucgr.I01987.1.p,37127.90921
Eucgr.K00137.1.p,12078.39608
Eucgr.A00474.2.p,22420.23598
Eucgr.J02422.1.p,28101.90144
Eucgr.D02383.1.p,109497.5308
Eucgr.D01798.1.p,27950.00836
Eucgr.D02179.2.p,17334.51384
Eucgr.J00193.2.p,179834.7904
Eucgr.F04402.1.p,54369.14789
Eucgr.E00828.1.p,26366.9875
Eucgr.A02394.1.p,52473.11087
Eucgr.G00061.1.p,21839.5823
Eucgr.B03771.1.p,27317.90274
Eucgr.D02588.1.p,23565.86562
Eucgr.D00301.1.p,16304.67785
Eucgr.H01253.1.p,28115.15116
Eucgr.E00628.1.p,30971.02738
Eucgr.C00449.1.p,37580.87301
Eucgr.E00871.3.p,20598.82683
Eucgr.H01162.1.p,49025.90948
Eucgr.G03388.1.p,50365.09484
Eucgr.K01749.2.p,107096.6024
Eucgr.I02136.1.p,17457.14093
Eucgr.H01629.1.p,19756.20066
tr|T1QLD5|T1QLD5_EUCGL,15499.51851
Eucgr.C02505.2.p,36513.41898
Eucgr.B00144.1.p,36659.9155
Eucgr.K00288.1.p,32781.08945
Eucgr.A02267.2.p,67285.79347
Eucgr.H00962.1.p,61056.11456
Eucgr.I00699.1.p,20471.55446
Eucgr.C01945.1.p,98921.1744
Eucgr.L03253.1.p,27128.60127
Eucgr.I00301.1.p,50621.45873
Eucgr.H00058.1.p,109684.4748
Eucgr.E03836.1.p,36054.39508
Eucgr.G01905.1.p,79314.56073
Eucgr.F04120.1.p,35384.43468
Eucgr.K02114.1.p,81478.46671
Eucgr.D01648.1.p,24074.09478
Eucgr.F03319.1.p,19712.32895
Eucgr.I01814.1.p,31850.56776
Eucgr.A01802.1.p,39763.22647
Eucgr.K00099.1.p,28464.93127
Eucgr.K00558.1.p,56618.64822
Eucgr.A02547.1.p,58697.6726
Eucgr.B02496.1.p,64186.35391
Eucgr.B01021.1.p,32845.34417
Eucgr.B02106.1.p,37506.20854
Eucgr.D01184.2.p,14430.75493
Eucgr.J00819.1.p,82917.35373
Eucgr.E01881.1.p,39957.20505
Eucgr.J00263.3.p,57457.5239
Eucgr.H00431.1.p,55227.49569
Eucgr.E02476.2.p,182296.7334
tr|T1QKS8|T1QKS8_EUCGL,224463.8131
Eucgr.H00092.2.p,36431.55662
Eucgr.H02589.1.p,58635.66275
Eucgr.G02917.1.p,14766.88281
Eucgr.K01354.1.p,45519.6761
Eucgr.A02974.1.p,29509.13092
Eucgr.D00551.1.p,49717.95057
Eucgr.F01620.1.p,89727.69626
Eucgr.K00776.1.p,55517.44082
Eucgr.K01080.2.p,75738.51353
Eucgr.H02643.1.p,52072.055
Eucgr.H04825.1.p,52201.74291
Eucgr.C01076.2.p,42407.08337
Eucgr.B00532.5.p,27148.44251
Eucgr.A00739.2.p,26667.62831
Eucgr.H04645.1.p,20100.63896
Eucgr.J01250.1.p,49190.98053
Eucgr.H04426.3.p,15200.51408
Eucgr.K01869.2.p,35539.28207
Eucgr.B00038.1.p,21230.90436
Eucgr.K01232.1.p,24784.98482
Eucgr.A02571.1.p,35002.35655
Eucgr.G03035.2.p,34571.45898
Eucgr.A01801.1.p,44100.88013
Eucgr.E00656.1.p,54313.94191
Eucgr.F02754.1.p,20597.55767
Eucgr.B01418.1.p,47110.58612
Eucgr.J01869.1.p,50138.34526
Eucgr.A02108.1.p,49834.56776
Eucgr.G02685.2.p,16047.56522
tr|T1QKK9|T1QKK9_EUCGL,13552.28011
Eucgr.F00997.1.p,30416.98804
Eucgr.E00488.1.p,24899.00721
Eucgr.G00082.2.p,100265.086
Eucgr.C04235.1.p,24401.72048
Eucgr.B00704.1.p,48825.33182
Eucgr.E00356.2.p,32944.21979
Eucgr.H03423.1.p,29792.85429
Eucgr.A01976.2.p,35586.42844
Eucgr.F00372.1.p,58729.84788
tr|T1QLJ3|T1QLJ3_EUCGL,19388.66869
Eucgr.B00175.1.p,80166.73561
Eucgr.A01955.2.p,57157.62329
Eucgr.H01013.1.p,35534.61628
Eucgr.E01445.1.p,37104.24882
Eucgr.J00662.1.p,44701.65049
Eucgr.I01429.2.p,29853.60206
Eucgr.F04189.1.p,17566.50416
Eucgr.J02246.1.p,38988.5197
Eucgr.F03543.1.p,60675.77136
Eucgr.I01561.2.p,48772.87225
Eucgr.G02932.1.p,41711.90102
Eucgr.B00132.2.p,51780.66841
Eucgr.H04655.1.p,29353.48323
Eucgr.I01925.1.p,40586.99212
Eucgr.K00947.1.p,18916.22543
Eucgr.G03138.3.p,22831.72008
Eucgr.F04061.1.p,64272.68185
Eucgr.C00846.1.p,57084.51036
Eucgr.C01792.2.p,14546.60492
Eucgr.E01713.1.p,69086.09213
Eucgr.F03876.1.p,30756.19792
Eucgr.C04133.1.p,32009.79068
Eucgr.I00323.1.p,37336.47813
Eucgr.D00483.2.p,113128.7437
Eucgr.D02339.2.p,17534.36752
Eucgr.J00305.3.p,35571.53316
Eucgr.G00020.1.p,40300.57544
Eucgr.F02151.3.p,50378.90331
Eucgr.I01098.1.p,47779.96129
Eucgr.A01496.2.p,90629.65172
Eucgr.E04226.1.p,87225.60482
Eucgr.H00743.1.p,15578.51779
Eucgr.F03852.1.p,24617.93948
Eucgr.I01557.3.p,33980.36546
Eucgr.F02497.3.p,22162.95397
Eucgr.H04551.1.p,20959.77935
Eucgr.L00266.1.p,113015.9721
Eucgr.J01899.1.p,83418.79412
Eucgr.F03770.1.p,50337.81242
Eucgr.E04322.1.p,22407.63885
Eucgr.J01096.2.p,26521.47093
Eucgr.I01326.1.p,35579.43427
Eucgr.A02929.1.p,30591.36749
Eucgr.K02710.1.p,27266.3346
Eucgr.B03717.2.p,38162.0736
Eucgr.B01266.3.p,30011.18367
Eucgr.K00013.1.p,28251.63242
Eucgr.J02293.2.p,30864.29346
Eucgr.I01133.2.p,16415.02313
Eucgr.K03000.1.p,32534.27081
Eucgr.H04210.4.p,32966.32531
Eucgr.E00889.1.p,30518.45992
Eucgr.J00279.1.p,25656.96628
Eucgr.B04032.2.p,43359.33959
Eucgr.D02284.1.p,46495.91405
Eucgr.F01586.1.p,29846.85469
Eucgr.J01640.3.p,84946.11012
Eucgr.K02286.1.p,46276.34652
Eucgr.K00295.1.p,80525.86844
Eucgr.H02340.1.p,49895.18412
Eucgr.G02857.2.p,44640.33019
Eucgr.B02864.1.p,42991.12301
Eucgr.I02637.2.p,141583.7489
tr|T1QLB9|T1QLB9_EUCGL,25291.77774
Eucgr.D01602.2.p,51046.87619
Eucgr.I02078.1.p,40163.72243
Eucgr.H00829.1.p,35776.93764
Eucgr.J00023.1.p,71225.18907
Eucgr.C02905.1.p,109716.5447
Eucgr.B00604.1.p,19149.422
tr|T1QLF3|T1QLF3_EUCGL,17364.49128
Eucgr.F03383.1.p,21851.07414
Eucgr.E03997.1.p,110956.3519
Eucgr.K03247.1.p,17742.48838
Eucgr.A00971.2.p,21880.74643
Eucgr.K01396.1.p,78719.90206
Eucgr.A02178.2.p,72174.60434
Eucgr.G01893.1.p,49149.14169
Eucgr.I00375.2.p,75577.33658
Eucgr.J00343.1.p,34523.14107
Eucgr.H00423.2.p,42829.26354
Eucgr.I01551.7.p,98670.51538
Eucgr.D00609.1.p,32942.38109
Eucgr.B03239.1.p,59124.52979
Eucgr.D00629.1.p,52508.72797
Eucgr.F04339.2.p,29105.60662
Eucgr.F03592.1.p,55232.47379
Eucgr.B00046.2.p,33798.10316
tr|T1QKM2|T1QKM2_EUCGL,9032.18561
Eucgr.I00883.1.p,50480.19065
Eucgr.H01473.3.p,31847.65775
Eucgr.K02362.3.p,23117.16204
Eucgr.F03152.1.p,46696.86372
Eucgr.F01209.1.p,36203.24341
Eucgr.F02992.1.p,31417.11299
tr|T1QLD1|T1QLD1_EUCGL,24164.61008
Eucgr.J00666.4.p,11225.80265
Eucgr.H00802.2.p,21254.4918
Eucgr.D00028.1.p,20088.26639
Eucgr.F02746.1.p,48659.13613
Eucgr.G03056.2.p,68188.50109
Eucgr.G01943.1.p,42823.69695
Eucgr.H02550.1.p,29548.67415
Eucgr.A00373.1.p,18057.3409
Eucgr.B03850.2.p,24484.27203
Eucgr.G02110.1.p,24136.2019
Eucgr.C00756.1.p,210028.5986
Eucgr.G02157.1.p,63554.13098
Eucgr.H02859.1.p,58657.53137
Eucgr.F01768.1.p,61608.36583
Eucgr.I00708.1.p,14162.58475
Eucgr.J00332.1.p,34839.98849
Eucgr.D02118.3.p,37043.29053
Eucgr.F03445.1.p,37270.29153
Eucgr.H02498.1.p,36485.67532
Eucgr.F02990.1.p,34660.51654
Eucgr.F03965.2.p,43435.36038
Eucgr.A01406.1.p,35192.16343
Eucgr.F02656.2.p,38856.83286
Eucgr.L01079.1.p,19245.02813
Eucgr.H00146.2.p,15513.58057
Eucgr.F00471.1.p,61193.98177
Eucgr.H00307.1.p,46147.2967
Eucgr.F01803.1.p,19576.00672
Eucgr.B02489.1.p,26601.59269
Eucgr.A02465.1.p,39715.5385
Eucgr.B03530.3.p,37468.36722
tr|T1QLC7|T1QLC7_EUCGL,22026.17325
Eucgr.H02477.1.p,71608.53629
Eucgr.H00830.1.p,19075.97759
Eucgr.J00583.1.p,46062.66548
Eucgr.F01067.3.p,22085.28179
Eucgr.D02642.2.p,27773.77313
Eucgr.D00305.2.p,49422.11813
Eucgr.I01666.2.p,57536.72409
Eucgr.D02207.1.p,33254.03695
Eucgr.E00194.2.p,40561.68979
Eucgr.H02333.1.p,27393.1627
Eucgr.K02838.1.p,32656.20343
Eucgr.L00052.1.p,43058.8316
Eucgr.D00203.1.p,60565.43464
Eucgr.K03171.2.p,39942.98244
Eucgr.C00165.2.p,33164.20961
Eucgr.E00484.1.p,31024.08712
Eucgr.J00936.1.p,91973.5265
Eucgr.K03601.3.p,48960.17924
Eucgr.E03524.1.p,118734.2058
Eucgr.F02260.3.p,19660.24161
Eucgr.F00208.1.p,82021.6727
Eucgr.C00788.1.p,36467.40767
Eucgr.C00247.2.p,88973.12112
Eucgr.F02124.1.p,29375.52268
Eucgr.H02650.1.p,53194.23599
tr|T1QLD7|T1QLD7_EUCGL,10632.76575
Eucgr.J01625.1.p,27003.39163
Eucgr.J01697.1.p,32514.07961
Eucgr.J01847.1.p,25118.25504
Eucgr.D02637.1.p,44156.78013
Eucgr.B02584.1.p,25574.46524
Eucgr.B00732.1.p,21973.95679
Eucgr.I02693.1.p,51412.13684
Eucgr.J00758.1.p,8614.43225
Eucgr.A01683.3.p,25504.21115
Eucgr.G01806.1.p,37412.02718
Eucgr.C04091.1.p,110616.9321
Eucgr.H00404.1.p,123646.8844
Eucgr.G01417.1.p,27769.3381
Eucgr.F02558.1.p,68331.98434
Eucgr.J00180.2.p,58920.68187
Eucgr.F04363.1.p,49908.53247
Eucgr.G01192.1.p,52633.99886
Eucgr.H04494.1.p,78208.17058
Eucgr.A02596.2.p,21868.46511
Eucgr.C00146.1.p,54164.28503
Eucgr.F03400.3.p,65576.67048
Eucgr.D02080.1.p,70165.88189
Eucgr.G00060.1.p,122263.9055
Eucgr.C04131.1.p,42885.8459
Eucgr.K00456.1.p,39212.35286
Eucgr.E04296.1.p,42884.95864
Eucgr.A00781.1.p,15142.74863
Eucgr.G02550.1.p,42460.84018
Eucgr.F03510.1.p,44034.01493
Eucgr.D02491.1.p,35486.66555
Eucgr.B02276.1.p,66911.01836
Eucgr.H03938.1.p,50727.83372
Eucgr.F03746.2.p,30771.40144
Eucgr.H05005.2.p,63718.85847
Eucgr.D01338.1.p,51753.42164
Eucgr.F02729.1.p,28155.40544
Eucgr.F03503.2.p,41729.36921
Eucgr.K02778.1.p,32740.3912
Eucgr.F01365.2.p,25568.4657
Eucgr.F04109.1.p,23847.43635
Eucgr.C01265.1.p,78302.09599
Eucgr.A01929.1.p,20832.00158
Eucgr.H04640.2.p,25665.44627
Eucgr.J00657.1.p,29565.93399
Eucgr.L00742.2.p,25215.62595
tr|T1QKH5|T1QKH5_EUCGL,9390.7232
Eucgr.F02457.3.p,25549.48127
Eucgr.A02536.1.p,68870.13066
Eucgr.J01859.1.p,44599.41345
tr|T1QKE8|T1QKE8_EUCGL,19573.66115
Eucgr.J02124.1.p,36134.86877
Eucgr.K02508.2.p,15705.2978
Eucgr.F03231.2.p,75583.06677
Eucgr.C01875.1.p,30835.16957
Eucgr.A02848.1.p,42040.12047
Eucgr.F02797.2.p,61470.69975
Eucgr.L02948.1.p,22422.64223
Eucgr.F03101.1.p,16823.2484
Eucgr.K01671.1.p,29560.42208
Eucgr.I02377.2.p,36666.27029
Eucgr.K01500.1.p,39442.40945
Eucgr.F03720.2.p,27855.1584
Eucgr.H04433.2.p,13435.33568
Eucgr.J01950.2.p,18689.71844
Eucgr.D00644.1.p,35464.42793
Eucgr.E01779.1.p,16166.03447
Eucgr.J00313.1.p,104741.8856
Eucgr.G02988.4.p,39467.02089
Eucgr.C02115.1.p,51212.85274
Eucgr.B03460.3.p,34085.86011
Eucgr.A00911.3.p,65424.9773
Eucgr.F02353.1.p,31745.66808
Eucgr.I00535.2.p,15396.58588
Eucgr.D00858.1.p,36981.06442
Eucgr.B03060.1.p,106823.8044
Eucgr.B02222.2.p,39622.22275
Eucgr.F02626.1.p,35418.27946
Eucgr.I01764.1.p,11138.68285
Eucgr.F02918.2.p,35453.79743
Eucgr.K01492.1.p,28062.66098
Eucgr.F02898.1.p,15767.2445
Eucgr.F03639.1.p,76193.30601
Eucgr.A02662.1.p,34377.76374
Eucgr.K02487.3.p,15406.54542
Eucgr.I01720.1.p,33157.85767
Eucgr.F02571.1.p,43477.21112
Eucgr.G02539.2.p,31086.89053
Eucgr.I00377.1.p,69634.59817
Eucgr.F01825.1.p,246021.2255
Eucgr.D01027.1.p,53292.68188
Eucgr.B03754.1.p,10628.81235
Eucgr.I02716.1.p,30625.13974
Eucgr.K02707.1.p,36186.35635
Eucgr.I02739.1.p,184878.6837
Eucgr.A02035.1.p,87284.07966
Eucgr.G01197.1.p,53135.59493
tr|T1QLF0|T1QLF0_EUCGL,40341.78578
Eucgr.H02441.1.p,53597.82311
Eucgr.A02371.1.p,29786.03342
Eucgr.A01121.1.p,48146.72134
Eucgr.G02684.1.p,16576.24155
Eucgr.K01824.3.p,22314.59024
Eucgr.F03646.1.p,16960.83527
Eucgr.K02414.2.p,20522.16525
Eucgr.H02593.1.p,65663.85088
Eucgr.H04748.1.p,58665.88706
Eucgr.A01109.3.p,46184.79489
Eucgr.J00617.1.p,29574.02545
Eucgr.H05117.2.p,43088.19936
Eucgr.I02316.2.p,34648.31141
Eucgr.G02344.2.p,44137.4428
tr|T1QLB0|T1QLB0_EUCGL,26745.96414
Eucgr.K01707.1.p,16491.71097
Eucgr.I00570.1.p,38699.63925
Eucgr.K03315.1.p,28336.33661
Eucgr.I02611.1.p,91742.32125
Eucgr.E01259.1.p,56913.14745
Eucgr.D01135.1.p,25865.19416
Eucgr.G03085.1.p,38693.84958
Eucgr.E04238.1.p,48809.80642
Eucgr.A00746.1.p,11754.96631
Eucgr.D00177.1.p,41778.10366
Eucgr.J03072.2.p,53014.93688
Eucgr.A01086.1.p,38938.35736
Eucgr.F00330.3.p,28740.25207
Eucgr.I00395.3.p,51799.81054
Eucgr.F02985.1.p,32130.98639
Eucgr.A00010.2.p,14312.38685
Eucgr.K01317.1.p,46443.05295
Eucgr.F01089.1.p,50589.9338
Eucgr.I00195.1.p,44716.70052
Eucgr.B00852.4.p,53032.46792
Eucgr.K01191.3.p,29248.62777
Eucgr.H03928.1.p,19250.5304
Eucgr.B00034.1.p,29344.66475
Eucgr.H04784.1.p,118005.9834
Eucgr.K02931.1.p,45618.13883
Eucgr.B01994.1.p,46037.68638
Eucgr.I01182.2.p,41177.4571
Eucgr.E01212.1.p,120092.7861
Eucgr.H00726.1.p,16474.2765
Eucgr.C00962.1.p,14051.00176
Eucgr.H01877.1.p,41821.50071
Eucgr.H01394.2.p,44810.50798
Eucgr.F02310.1.p,51912.3469
Eucgr.A01425.1.p,34331.88744
Eucgr.E01926.2.p,21737.89949
Eucgr.F03180.2.p,38071.17557
Eucgr.G03125.1.p,43928.83165
Eucgr.J02164.3.p,32611.06232
Eucgr.E04076.1.p,48233.75865
Eucgr.L03148.1.p,38005.49199
Eucgr.C02604.1.p,73591.19814
Eucgr.D00281.1.p,53120.109
Eucgr.K02283.3.p,27063.59857
Eucgr.K01424.1.p,20436.23243
Eucgr.E03242.1.p,34686.45001
Eucgr.J02565.1.p,40027.09924
Eucgr.H05078.1.p,59667.25621
Eucgr.A02949.1.p,23923.74095
Eucgr.D02502.3.p,19007.02252
Eucgr.J01749.1.p,55070.40916
Eucgr.B00415.1.p,28179.28697
Eucgr.F03131.1.p,73365.51234
Eucgr.A02601.1.p,52783.34032
Eucgr.E00626.1.p,59302.8423
Eucgr.A01460.1.p,45797.43001
Eucgr.I02663.1.p,38297.57794
Eucgr.C03537.1.p,21718.33924
Eucgr.B01908.1.p,20958.77287
Eucgr.A00529.1.p,48005.80919
Eucgr.J00754.2.p,39291.51219
Eucgr.J00048.2.p,16006.08962
Eucgr.K03244.2.p,27555.05729
Eucgr.D00720.1.p,67943.35823
Eucgr.C00140.1.p,104478.8927
Eucgr.D00322.1.p,38800.77022
Eucgr.F00306.2.p,39263.80103
Eucgr.E01663.3.p,181724.8956
Eucgr.H01455.3.p,23856.09113
Eucgr.D00597.1.p,37363.22109
Eucgr.A02437.1.p,89497.63741
Eucgr.I00692.2.p,51221.59932
Eucgr.A00724.3.p,12094.33283
Eucgr.C04037.1.p,10940.44064
Eucgr.B03043.1.p,33728.59819
Eucgr.G01767.1.p,36034.59987
Eucgr.E02058.2.p,12777.29266
Eucgr.I01282.3.p,11861.47047
Eucgr.G02902.2.p,17518.85652
Eucgr.K03243.1.p,12134.25486
Eucgr.J00085.3.p,23966.23048
Eucgr.J01087.1.p,41334.54037
Eucgr.G03205.2.p,23557.60518
Eucgr.J01939.1.p,30621.79694
Eucgr.I02744.1.p,14316.04496
Eucgr.F02551.1.p,26786.82976
Eucgr.I00055.1.p,65844.05671
Eucgr.L03563.1.p,44982.81353
Eucgr.J01477.1.p,24674.5664
Eucgr.B01424.1.p,36462.18349
Eucgr.D01220.1.p,16190.40162
Eucgr.J00164.3.p,29695.44747
Eucgr.F03661.4.p,38409.72652
Eucgr.H04533.2.p,39065.28853
Eucgr.K03545.1.p,13749.66499
Eucgr.H01417.1.p,71849.7307
Eucgr.A02930.1.p,16478.52656
Eucgr.J02053.1.p,15458.80155
Eucgr.J00930.1.p,30453.7288
Eucgr.H00751.1.p,16221.52385
Eucgr.F04229.1.p,16682.69264
Eucgr.C01878.1.p,20540.14052
Eucgr.C00615.1.p,21235.88692
Eucgr.B02380.2.p,49227.00834
Eucgr.B02212.5.p,12343.37755
Eucgr.B01087.2.p,36869.17512
Eucgr.D01931.1.p,51068.06579
Eucgr.J00787.1.p,76627.34085
Eucgr.F01713.3.p,96806.366
Eucgr.J01079.1.p,77140.59263
Eucgr.J02958.2.p,14999.12456
Eucgr.B04005.1.p,64092.50719
Eucgr.J00121.1.p,28175.54024
Eucgr.A01021.4.p,43090.70615
Eucgr.B02732.1.p,18323.51771
Eucgr.K01360.1.p,34038.51512
Eucgr.D00956.1.p,53399.22729
Eucgr.D02073.1.p,24385.30509
Eucgr.L03261.1.p,18647.61186
Eucgr.K01283.1.p,11738.87347
Eucgr.I01803.1.p,32815.69869
Eucgr.L02230.1.p,25626.31662
Eucgr.F03446.1.p,19692.75732
Eucgr.C01174.1.p,23269.34954
Eucgr.K01017.2.p,28131.77677
Eucgr.H04314.1.p,52212.77512
Eucgr.E01170.5.p,42920.42654
Eucgr.A01066.1.p,67006.98175
Eucgr.G01434.1.p,61322.6441
Eucgr.G01854.2.p,68942.68779
Eucgr.F01589.1.p,37692.95089
Eucgr.J03190.1.p,50430.23898
Eucgr.H00182.3.p,17250.91906
Eucgr.F00193.1.p,71734.04411
Eucgr.K03281.1.p,13653.36687
Eucgr.B01718.1.p,15666.70763
Eucgr.H04996.2.p,36452.88661
Eucgr.H04829.1.p,41365.89507
Eucgr.J01349.2.p,81389.21883
Eucgr.I00930.1.p,35554.23129
Eucgr.I01808.1.p,27754.19183
Eucgr.H05081.4.p,42551.24832
Eucgr.F01167.2.p,21178.34448
Eucgr.A02774.2.p,16928.6016
Eucgr.K00090.1.p,18298.28207
Eucgr.C00638.1.p,23616.02036
Eucgr.H01016.1.p,13382.4945
Eucgr.F02997.1.p,54234.4862
Eucgr.B02273.5.p,71935.64948
Eucgr.F01149.3.p,46727.31384
Eucgr.K02190.1.p,16755.68611
Eucgr.F01375.3.p,21576.78429
Eucgr.F03794.1.p,39963.93696
Eucgr.E02951.1.p,54244.42417
Eucgr.H02622.1.p,36942.45611
Eucgr.J00458.1.p,28749.50201
Eucgr.H03069.2.p,58628.12601
Eucgr.A00378.1.p,11523.78122
Eucgr.H02910.2.p,18947.34109
Eucgr.H02826.1.p,33710.78374
Eucgr.K02531.1.p,32032.43004
Eucgr.H01235.1.p,39644.45155
Eucgr.K01066.5.p,32161.15269
Eucgr.J00041.1.p,65423.90689
Eucgr.K02534.1.p,14238.37262
Eucgr.L01968.1.p,26317.90523
Eucgr.A02907.1.p,34245.80163
Eucgr.A02763.3.p,23969.30974
Eucgr.J00883.1.p,16767.71495
Eucgr.E00433.2.p,23518.99228
Eucgr.D01857.2.p,16091.9264
Eucgr.F02818.3.p,34295.85255
Eucgr.G02043.2.p,35651.34312
Eucgr.D01026.1.p,32791.46356
Eucgr.C03525.1.p,18936.48175
Eucgr.C04028.1.p,51038.42658
Eucgr.F04110.1.p,46972.46968
Eucgr.G03169.1.p,37383.29903
Eucgr.A02140.1.p,101817.7406
Eucgr.B00501.1.p,40349.61791
Eucgr.A01923.1.p,51329.38656
Eucgr.K03211.2.p,14715.99725
Eucgr.E01105.1.p,38463.4054
Eucgr.G01120.1.p,34811.86152
Eucgr.J00625.1.p,12328.43574
Eucgr.E01249.1.p,40143.44147
Eucgr.B01579.4.p,35792.16341
Eucgr.K00245.1.p,23782.80981
Eucgr.B01965.2.p,19941.523
Eucgr.D01183.1.p,48065.57197
Eucgr.E02953.1.p,48896.18529
Eucgr.F02035.1.p,22962.82106
Eucgr.F04466.1.p,44987.11317
Eucgr.C03983.2.p,18883.46169
Eucgr.F01604.3.p,12948.57404
Eucgr.D02241.4.p,25966.0668
Eucgr.C04084.1.p,14419.64804
Eucgr.K02276.3.p,21570.29259
Eucgr.I00719.1.p,85083.63689
Eucgr.E02909.1.p,53220.85942
Eucgr.D01310.1.p,47539.69748
Eucgr.G00957.3.p,14475.33683
Eucgr.B03528.1.p,68934.94994
Eucgr.B03411.2.p,10743.698
Eucgr.H00087.1.p,41553.63215
Eucgr.F02978.1.p,12288.25278
Eucgr.F01777.1.p,66656.96271
Eucgr.A00708.1.p,66717.80268
Eucgr.A02888.1.p,72340.85376
Eucgr.E01218.1.p,10058.0205
Eucgr.B03573.1.p,18677.05842
Eucgr.K01911.1.p,83116.54165
Eucgr.B01250.1.p,33857.82474
Eucgr.C00901.1.p,25419.68418
Eucgr.H04318.4.p,16442.60247
Eucgr.I00348.2.p,30347.55971
Eucgr.I01368.1.p,39733.04484
Eucgr.F03196.1.p,31552.51507
Eucgr.K03300.2.p,29435.68116
Eucgr.G02623.1.p,19793.34212
Eucgr.H00506.1.p,63789.56382
Eucgr.L03318.1.p,22470.9145
Eucgr.H04112.1.p,48773.79323
Eucgr.G02327.1.p,76691.23374
Eucgr.D02432.1.p,34765.53283
Eucgr.H05122.1.p,26677.91323
Eucgr.L02575.1.p,51898.86627
Eucgr.F02955.1.p,41445.88222
Eucgr.G00490.2.p,73684.19191
Eucgr.F04384.1.p,34747.84013
Eucgr.G03355.2.p,49298.25661
tr|T1QLX3|T1QLX3_EUCGL,11089.12843
Eucgr.G01711.1.p,136733.9503
Eucgr.D02017.3.p,25707.16551
Eucgr.F01077.1.p,25756.88618
Eucgr.H04080.2.p,66869.47988
Eucgr.E04251.1.p,19892.53777
Eucgr.F02537.1.p,14281.4064
Eucgr.G01085.1.p,35786.06918
Eucgr.H04452.2.p,55084.28825
Eucgr.F03224.1.p,40934.05561
Eucgr.B01760.1.p,15300.45824
Eucgr.K02010.2.p,86958.766
Eucgr.J02955.1.p,66922.97617
Eucgr.H00799.2.p,23582.96486
Eucgr.K02882.3.p,42757.7023
Eucgr.B02965.1.p,36417.18262
Eucgr.J01178.1.p,21377.26034
Eucgr.A02040.4.p,21754.76391
Eucgr.H02989.1.p,18714.56513
Eucgr.H00192.2.p,49399.4184
Eucgr.H00663.2.p,22206.32993
Eucgr.B01425.1.p,29042.2308
Eucgr.H00750.1.p,24996.41866
Eucgr.B00991.1.p,146452.7634
Eucgr.C00196.1.p,53058.85746
Eucgr.K00787.1.p,55621.42564
Eucgr.C02143.1.p,34905.72526
tr|T1QLU9|T1QLU9_EUCGL,39023.25955
Eucgr.B03987.1.p,38197.91625
Eucgr.K00320.2.p,16564.38658
Eucgr.A00523.1.p,54152.37908
Eucgr.H04253.1.p,35245.15285
Eucgr.K02489.2.p,37536.68152
Eucgr.J01027.1.p,16016.09336
Eucgr.I01560.1.p,19615.90529
Eucgr.E03613.1.p,26268.24746
Eucgr.E03410.2.p,43149.61328
Eucgr.G00557.2.p,41225.48028
Eucgr.H02649.1.p,83579.95466
Eucgr.K02950.3.p,23084.59938
Eucgr.H04380.1.p,25198.39287
Eucgr.E01144.1.p,44249.66271
Eucgr.F04428.1.p,50680.2518
Eucgr.K00793.1.p,38384.44538
Eucgr.I02662.1.p,118228.2088
Eucgr.D01807.1.p,30721.50112
Eucgr.L00953.1.p,58500.50997
Eucgr.F01889.1.p,25248.40236
Eucgr.L01004.1.p,49564.30925
Eucgr.I00879.1.p,39507.09796
Eucgr.D01996.1.p,66844.49953
Eucgr.K00071.2.p,40711.70642
Eucgr.F02923.1.p,61132.87748
Eucgr.H03646.1.p,21768.94362
Eucgr.K00480.2.p,26562.77375
Eucgr.F02167.4.p,47182.09829
Eucgr.G02996.1.p,36329.01709
Eucgr.A01783.1.p,26788.59942
Eucgr.B03241.1.p,79811.86816
Eucgr.F03866.1.p,33096.77625
Eucgr.J00854.6.p,89381.995
Eucgr.B03013.1.p,20001.03506
Eucgr.K01428.1.p,49230.34514
Eucgr.H00675.1.p,21933.1204
Eucgr.J00237.2.p,35029.96326
Eucgr.L02949.1.p,31775.59515
Eucgr.I01041.1.p,52083.03762
Eucgr.A02903.1.p,24178.15822
Eucgr.G02866.1.p,68661.20476
Eucgr.F03039.1.p,17794.64054
Eucgr.F00027.2.p,75645.46448
Eucgr.K02032.1.p,36236.86289
Eucgr.G00661.1.p,22874.73307
Eucgr.A02793.4.p,29115.3817
Eucgr.E01309.2.p,50557.28071
Eucgr.A02836.1.p,73915.4237
Eucgr.F01421.2.p,24839.80987
Eucgr.A02964.1.p,51423.02909
Eucgr.H03100.1.p,41154.80467
Eucgr.D01223.1.p,17999.03982
Eucgr.E03517.2.p,46072.70013
Eucgr.C00784.3.p,46345.54165
Eucgr.I01243.2.p,74428.76548
Eucgr.H00059.1.p,23252.86376
Eucgr.G03037.2.p,30542.8233
Eucgr.G01720.4.p,46708.89841
tr|T1QKQ7|T1QKQ7_EUCGL,14940.04521
Eucgr.I01939.2.p,49462.16586
Eucgr.F02613.1.p,24471.76181
Eucgr.K02198.2.p,101855.3924
Eucgr.A00248.1.p,68544.37034
Eucgr.E00279.1.p,24423.61684
Eucgr.A00878.1.p,24648.21162
Eucgr.D01327.1.p,38671.85398
Eucgr.G00606.2.p,58790.92704
Eucgr.I00224.3.p,49208.92317
Eucgr.F03551.3.p,35886.3123
Eucgr.B01969.1.p,38332.11136
tr|T1QLV4|T1QLV4_EUCGL,15308.2998
Eucgr.H01373.1.p,70431.24129
Eucgr.H00596.1.p,48454.97168
Eucgr.B00129.1.p,95222.84705
Eucgr.G02987.1.p,32395.59158
Eucgr.F03462.1.p,44108.1498
Eucgr.A02072.2.p,36570.44444
Eucgr.G02324.1.p,55842.2569
Eucgr.G01858.4.p,57402.6294
Eucgr.C03290.1.p,23892.4149
Eucgr.K02712.4.p,51849.55728
Eucgr.H00894.3.p,19067.4997
Eucgr.D02270.1.p,59013.21314
Eucgr.H00220.2.p,29531.62981
Eucgr.K01282.2.p,11573.68804
sp|P93285|COX2_ARATH,29655.28878
Eucgr.H00652.1.p,76649.38413
Eucgr.H02865.2.p,16144.31907
Eucgr.G02782.1.p,36005.4514
Eucgr.A00956.2.p,41131.0206
Eucgr.B02909.1.p,10359.65749
Eucgr.F03398.1.p,57926.59891
Eucgr.J00111.1.p,41180.49818
Eucgr.D00097.1.p,52222.89981
Eucgr.E00458.2.p,42266.42545
Eucgr.K02417.3.p,57008.32803
Eucgr.A02464.1.p,22376.4824
Eucgr.A00982.1.p,39507.14726
Eucgr.K00411.2.p,31072.97659
Eucgr.D01080.1.p,38945.80194
Eucgr.B01003.4.p,36740.82264
Eucgr.J01011.1.p,56881.46836
Eucgr.B02251.1.p,33177.00599
Eucgr.A01198.1.p,27447.84839
Eucgr.E02713.1.p,42224.02184
Eucgr.J00907.1.p,77671.59705
Eucgr.J01894.1.p,32620.34585
Eucgr.A00283.1.p,35856.01156
Eucgr.I01312.1.p,52766.81146
Eucgr.C02207.1.p,51269.1035
Eucgr.F03605.4.p,31753.06044
Eucgr.A02756.1.p,31340.36632
Eucgr.B01628.1.p,46487.39552
Eucgr.I02505.1.p,74258.86176
Eucgr.K02237.1.p,38391.00646
Eucgr.F01406.2.p,25748.59601
Eucgr.E00015.1.p,32816.45842
Eucgr.B02591.2.p,27369.37188
Eucgr.E00844.1.p,162727.208
Eucgr.D00345.2.p,70887.49313
Eucgr.J00129.3.p,17859.11499
Eucgr.K01630.2.p,18293.50106
Eucgr.I02726.1.p,31771.06184
Eucgr.B02479.7.p,27827.90898
Eucgr.H04648.1.p,26531.63733
Eucgr.G02768.1.p,14780.73817
Eucgr.C02439.1.p,57749.64713
Eucgr.J01978.1.p,18665.59792
Eucgr.K02975.1.p,32290.75108
Eucgr.G02703.2.p,9056.71995
Eucgr.G02807.1.p,47267.73788
Eucgr.D02030.1.p,43989.72062
Eucgr.F01185.1.p,51729.22512
Eucgr.C00820.2.p,37644.14733
Eucgr.G02184.1.p,59228.64256
Eucgr.B00851.1.p,28711.96183
Eucgr.A02112.2.p,26996.97469
Eucgr.G02989.1.p,28261.89086
Eucgr.J00769.1.p,59710.95189
Eucgr.C03150.1.p,24225.19325
Eucgr.D02563.1.p,68379.52418
Eucgr.H00194.1.p,19782.68933
Eucgr.F04472.1.p,45509.14547
Eucgr.J00895.1.p,80036.25174
Eucgr.L02517.1.p,44248.23458
Eucgr.K03471.1.p,17100.8899
Eucgr.J00766.1.p,23929.15221
Eucgr.I01072.1.p,41307.72049
Eucgr.F01822.1.p,29145.44126
Eucgr.B02588.1.p,8828.58117
Eucgr.E00174.1.p,20465.8559
Eucgr.A01781.3.p,15178.01622
tr|T1QLH8|T1QLH8_EUCGL,18740.65197
Eucgr.I01738.1.p,44611.12954
Eucgr.G02921.1.p,39026.04536
Eucgr.H01941.2.p,28774.67069
Eucgr.I01066.1.p,137691.8388
Eucgr.A02951.4.p,34792.94376
Eucgr.H04731.1.p,12031.06922
Eucgr.D02089.2.p,187158.8641
Eucgr.F00121.1.p,80257.07545
Eucgr.B00425.1.p,20084.01492
Eucgr.F03667.1.p,53595.5656
Eucgr.C01775.4.p,46142.6776
Eucgr.K02933.1.p,22676.10352
Eucgr.L02175.1.p,48766.62337
Eucgr.E01117.5.p,38552.57191
Eucgr.C03206.1.p,44487.42827
Eucgr.B02212.1.p,12419.42661
Eucgr.J00465.4.p,11453.79619
Eucgr.B01450.1.p,38145.3561
Eucgr.J01000.2.p,12498.41388
Eucgr.G00343.1.p,16465.79662
Eucgr.A00934.1.p,51570.35503
Eucgr.H02886.1.p,51606.91944
Eucgr.B02309.1.p,61023.98081
Eucgr.H04904.1.p,16892.33051
Eucgr.F00764.5.p,18602.1818
Eucgr.F00228.1.p,29298.95046
Eucgr.D02094.1.p,36415.77346
Eucgr.D00001.2.p,19541.27276
Eucgr.C00111.1.p,12250.40105
Eucgr.J02175.1.p,21227.69968
Eucgr.I01959.2.p,58738.0292
Eucgr.I01376.1.p,27457.12556
Eucgr.H04629.1.p,14026.92363
Eucgr.H02963.1.p,13724.32351
Eucgr.H02890.1.p,27603.15492
Eucgr.G01690.1.p,43646.55893
Eucgr.G01655.2.p,31475.76801
Eucgr.F01878.1.p,14777.6864
Eucgr.F01657.1.p,10583.17617
Eucgr.F00601.3.p,12043.6721
Eucgr.E03676.1.p,9635.83276
Eucgr.C03164.1.p,15086.76089
Eucgr.B03442.1.p,13699.8205
Eucgr.B00101.1.p,23531.01507
Eucgr.A00503.1.p,41780.39792
Eucgr.E03909.1.p,47114.00133
Eucgr.I01163.1.p,33089.73249
Eucgr.E02746.3.p,44631.19461
Eucgr.G03152.1.p,43995.9361
Eucgr.E00535.1.p,65759.02994
Eucgr.A02865.1.p,49897.17335
Eucgr.I00112.6.p,105830.8295
Eucgr.B01018.2.p,22073.94079
Eucgr.B02267.1.p,50540.7768
Eucgr.K03160.1.p,15810.02211
Eucgr.F03918.2.p,19983.87991
Eucgr.I02468.2.p,72945.65355
Eucgr.C01584.1.p,56030.74686
Eucgr.F03531.2.p,81634.93577
Eucgr.J01293.2.p,45784.47005
Eucgr.L01770.1.p,63455.91879
Eucgr.D01856.1.p,19458.81162
Eucgr.F02061.2.p,35666.60373
Eucgr.B03682.1.p,48458.31376
Eucgr.D02263.1.p,34422.6945
Eucgr.B01570.1.p,109356.9045
Eucgr.I02775.1.p,56419.14977
Eucgr.D01171.1.p,20033.15785
Eucgr.G01931.1.p,103674.1881
sp|K1C15_SHEEP,48740.09539
Eucgr.K02961.1.p,29144.46995
Eucgr.D01844.1.p,54683.30439
Eucgr.E00182.2.p,28198.20284
Eucgr.C00803.1.p,39387.46464
Eucgr.H02624.1.p,43960.89933
Eucgr.F00723.1.p,26768.59045
Eucgr.C02102.1.p,23320.06886
Eucgr.C02176.3.p,24255.3796
Eucgr.F01712.2.p,55849.28696
Eucgr.C02161.1.p,54538.99425
Eucgr.I00938.1.p,44725.17631
Eucgr.F02825.2.p,121974.4433
Eucgr.A02767.1.p,60553.10032
Eucgr.E02381.1.p,26802.47031
Eucgr.I02360.1.p,28246.97534
Eucgr.G02220.1.p,53789.8245
Eucgr.B00995.2.p,35042.58246
Eucgr.F03186.8.p,10323.26291
Eucgr.B03803.1.p,30189.3854
Eucgr.E01244.1.p,51356.88139
Eucgr.H00218.2.p,88340.54147
Eucgr.H03017.2.p,84352.70001
Eucgr.B01017.3.p,21610.57332
Eucgr.K03318.1.p,14615.18527
Eucgr.H00789.1.p,9932.02366
Eucgr.I01128.1.p,26304.4719
Eucgr.J01028.1.p,58886.85762
Eucgr.G00868.1.p,46307.18066
Eucgr.G02462.1.p,20755.57922
Eucgr.D01316.1.p,55942.15846
Eucgr.J01951.2.p,22076.01457
Eucgr.H00072.3.p,42518.30545
Eucgr.B02163.2.p,39916.20833
Eucgr.F04002.1.p,35506.61878
Eucgr.I01714.1.p,82564.55034
Eucgr.B02012.1.p,66660.2789
Eucgr.G00170.1.p,38037.11822
Eucgr.J02263.1.p,29791.13861
Eucgr.B00872.1.p,25861.89751
Eucgr.F03055.2.p,21535.0996
Eucgr.B03877.1.p,55073.39233
Eucgr.G02508.1.p,69260.42769
Eucgr.F01239.1.p,45554.37438
Eucgr.J00035.1.p,22734.18042
Eucgr.B02587.1.p,48637.68326
Eucgr.D01098.1.p,19801.94424
Eucgr.E04308.4.p,40088.75345
Eucgr.D00178.1.p,37047.47292
Eucgr.B02617.1.p,37984.35394
Eucgr.C02727.3.p,46808.2504
Eucgr.E00655.4.p,19829.96998
Eucgr.H04690.1.p,26570.123
Eucgr.K02274.1.p,64247.49868
Eucgr.G02332.1.p,44966.42887
Eucgr.I00553.1.p,33061.61271
Eucgr.K01293.1.p,46634.9774
Eucgr.D00702.1.p,48917.42796
Eucgr.F01909.2.p,43649.52394
Eucgr.E00845.1.p,38331.084
Eucgr.I00241.1.p,41668.93158
Eucgr.B00859.7.p,58575.47507
Eucgr.D01136.1.p,19026.97492
Eucgr.K00161.1.p,26439.7498
Eucgr.H01176.4.p,23648.05457
Eucgr.K01429.1.p,90450.78881
Eucgr.H00916.2.p,74777.36345
Eucgr.H05139.1.p,24714.09801
Eucgr.F01251.2.p,52158.68575
Eucgr.F01219.1.p,47899.80742
Eucgr.G00352.1.p,48289.24525
Eucgr.J01498.1.p,25399.26126
Eucgr.I01296.2.p,18687.00956
Eucgr.E00214.3.p,25510.94045
Eucgr.K01835.1.p,31735.778
Eucgr.D01861.1.p,27560.47955
Eucgr.B00187.1.p,42585.6963
Eucgr.D01779.1.p,26220.15726
Eucgr.D02166.1.p,64073.89475
Eucgr.K00283.2.p,20801.7027
Eucgr.H01247.1.p,54675.49619
Eucgr.H04013.3.p,17614.75065
Eucgr.G01088.2.p,23731.7271
Eucgr.E01697.1.p,21991.5416
Eucgr.J01008.1.p,46094.54398
Eucgr.E00301.1.p,53113.17533
Eucgr.L02749.1.p,10292.59197
Eucgr.D01826.1.p,79327.94914
Eucgr.L02398.2.p,18848.19352
Eucgr.H04822.1.p,122179.2853
Eucgr.A00976.1.p,27679.42351
Eucgr.I02303.1.p,84639.8725
Eucgr.G03216.1.p,24350.89857
Eucgr.C00185.1.p,71163.08748
Eucgr.D00484.1.p,56397.7566
Eucgr.L00305.1.p,14485.12712
Eucgr.L02153.1.p,31206.49357
Eucgr.G01731.1.p,35200.68623
tr|T1QLC4|T1QLC4_EUCGL,55529.10476
Eucgr.F02033.1.p,35919.14884
Eucgr.A01428.1.p,15386.71351
Eucgr.H00257.1.p,38996.91736
Eucgr.I01565.1.p,52681.18239
Eucgr.J02068.3.p,23926.2105
Eucgr.H03316.4.p,29941.84543
Eucgr.B02352.1.p,45198.7986
Eucgr.E02882.1.p,42052.70498
Eucgr.D02202.1.p,43270.45273
Eucgr.H03613.1.p,26055.30459
Eucgr.J02214.1.p,19614.84598
Eucgr.E01069.2.p,47377.86145
Eucgr.H02992.1.p,26676.42566
Eucgr.J02888.2.p,16667.1538
Eucgr.I02677.1.p,27596.12165
Eucgr.I02715.2.p,30577.37173
Eucgr.H04121.1.p,30037.66514
Eucgr.E00504.2.p,26350.84355
Eucgr.J02478.1.p,17489.7334
Eucgr.H00884.1.p,72492.55478
Eucgr.B00593.1.p,25799.73461
Eucgr.I00659.1.p,33600.32211
Eucgr.B02628.1.p,12414.22004
Eucgr.B03010.1.p,18350.58044
Eucgr.C02162.2.p,54332.05903
Eucgr.H01379.2.p,30503.50173
Eucgr.F02900.1.p,55857.5518
Eucgr.C01048.1.p,22228.44102
Eucgr.J02172.3.p,11705.47574
Eucgr.K02043.1.p,8208.17541
tr|T1QLW4|T1QLW4_EUCGL,84858.2383
Eucgr.F03038.1.p,15199.22674
Eucgr.C02982.4.p,35301.45164
Eucgr.A01287.1.p,42615.52345
Eucgr.A01160.1.p,29631.2038
Eucgr.H03460.1.p,15883.0494
Eucgr.K03533.2.p,23376.022
Eucgr.L00349.1.p,9581.455
Eucgr.D00321.1.p,32105.10463
Eucgr.B01600.2.p,14607.69158
Eucgr.B02792.1.p,29776.16269
Eucgr.I01611.2.p,21041.84893
Eucgr.F04169.1.p,35654.48511
Eucgr.C00934.2.p,24424.48621
Eucgr.A02022.1.p,49120.41911
Eucgr.D02555.1.p,55421.15779
Eucgr.K03034.1.p,25960.54025
Eucgr.B00659.1.p,43559.91754
Eucgr.E00355.1.p,28632.42497
Eucgr.I00009.2.p,46523.05956
Eucgr.J00634.3.p,102447.2895
Eucgr.E00064.1.p,85972.64965
Eucgr.G03178.3.p,39857.77368
Eucgr.E01729.1.p,42932.12919
Eucgr.B02376.1.p,18050.20038
Eucgr.C00422.1.p,74260.14245
Eucgr.C03307.1.p,28707.4889
Eucgr.B02881.1.p,97806.21228
Eucgr.B00317.1.p,56921.48343
Eucgr.J00690.3.p,48678.66679
Eucgr.E01334.1.p,26851.93838
Eucgr.F01178.1.p,29192.34474
Eucgr.F02129.3.p,19912.41404
Eucgr.I00651.1.p,49999.59921
Eucgr.B01023.1.p,28208.51902
Eucgr.I00441.1.p,20836.35116
Eucgr.J01972.1.p,18022.23729
Eucgr.F01691.1.p,29946.34589
Eucgr.C02887.3.p,39102.92204
Eucgr.A00280.1.p,29347.58176
Eucgr.D02501.2.p,29835.5296
Eucgr.E02422.1.p,34984.90917
Eucgr.G02574.1.p,27597.09261
Eucgr.G01522.1.p,42818.29266
Eucgr.K02739.1.p,61856.987
Eucgr.J02927.1.p,29538.1039
Eucgr.I00649.1.p,10996.54838
Eucgr.K02308.1.p,27704.44272
Eucgr.A00382.1.p,28447.23712
Eucgr.E02408.1.p,31150.66583
Eucgr.I02010.3.p,30507.8642
Eucgr.F01786.3.p,94444.24155
Eucgr.K01286.2.p,33776.78743
Eucgr.D01704.1.p,66207.63
Eucgr.H04536.1.p,17822.0003
Eucgr.F02475.2.p,25278.19307
Eucgr.A02775.1.p,104255.6893
Eucgr.G01374.1.p,69372.60189
Eucgr.C00253.1.p,43068.38723
Eucgr.H01169.1.p,23739.08216
Eucgr.D00323.1.p,115664.6658
Eucgr.J01764.2.p,66758.42728
Eucgr.K02359.2.p,30072.4568
Eucgr.G02521.1.p,22166.72915
Eucgr.G02779.2.p,37370.25795
Eucgr.G02464.6.p,31645.89455
Eucgr.F00752.1.p,33073.83609
Eucgr.H04226.3.p,62317.97005
Eucgr.F01893.1.p,26707.00339
Eucgr.D01515.1.p,32284.35711
Eucgr.B01122.3.p,38276.78378
Eucgr.K00253.3.p,16678.05538
Eucgr.F01853.1.p,27970.62895
Eucgr.A01447.2.p,38437.49728
Eucgr.G03227.1.p,47043.94993
Eucgr.E01408.2.p,15908.8908
Eucgr.G02873.1.p,56711.85275
Eucgr.H00716.7.p,55423.26642
Eucgr.E00505.2.p,34802.47636
Eucgr.B03178.1.p,23223.96123
Eucgr.F02850.1.p,56845.30648
Eucgr.F02960.1.p,15801.10538
Eucgr.F02140.4.p,14232.10095
Eucgr.H00128.1.p,30859.32901
Eucgr.F03104.1.p,59795.05153
Eucgr.J00857.6.p,80893.86109
Eucgr.B02211.1.p,128705.7853
Eucgr.H01259.1.p,46743.21428
Eucgr.G01787.1.p,32439.21088
Eucgr.B02761.2.p,46679.94605
Eucgr.B00158.1.p,42078.07309
Eucgr.F03190.2.p,102379.3699
Eucgr.B02215.1.p,15248.91022
Eucgr.C02971.1.p,18821.86809
Eucgr.A02261.5.p,43068.00625
Eucgr.E04242.1.p,38137.92458
Eucgr.A00306.1.p,50144.38308
Eucgr.F03148.3.p,17409.99689
Eucgr.I02423.1.p,41278.54572
Eucgr.K03602.1.p,27800.69555
Eucgr.J02338.1.p,43496.06281
Eucgr.B02940.3.p,57324.51391
Eucgr.A00131.1.p,18438.38087
Eucgr.G03010.1.p,51210.50486
Eucgr.B01993.1.p,40871.16623
Eucgr.C00678.1.p,18872.86287
Eucgr.F01622.1.p,87824.3671
Eucgr.K03606.1.p,25023.84001
Eucgr.C03901.1.p,59113.29407
Eucgr.E01748.1.p,12778.48733
Eucgr.I02137.3.p,33673.83967
Eucgr.H04378.2.p,71789.25886
Eucgr.F01791.1.p,23376.22199
Eucgr.B00365.1.p,48331.42709
Eucgr.J02957.3.p,15832.62433
Eucgr.E00343.1.p,33792.76566
Eucgr.H00999.1.p,130884.7702
Eucgr.B03560.1.p,30152.01517
Eucgr.C02330.2.p,77840.90215
Eucgr.G02727.5.p,32480.53709
Eucgr.A01600.1.p,38022.06225
Eucgr.I02621.1.p,48380.35481
Eucgr.K01689.2.p,49547.93313
Eucgr.F03134.1.p,70367.98103
Eucgr.K00068.1.p,38284.46257
Eucgr.L01943.1.p,9000.74201
Eucgr.B02594.1.p,118125.5604
Eucgr.E00302.1.p,56869.54283
tr|T1QKF7|T1QKF7_EUCGL,21152.1597
Eucgr.K01298.1.p,39183.80261
Eucgr.K02266.1.p,27013.22011
Eucgr.E00313.1.p,9930.96249
Eucgr.G01947.1.p,41847.87868
Eucgr.C04109.1.p,71719.8363
Eucgr.G01370.1.p,35488.79147
Eucgr.H00026.1.p,14857.04287
Eucgr.J02869.2.p,55713.61968
Eucgr.G00074.1.p,131540.8979
Eucgr.A00509.1.p,29225.93348
Eucgr.B03307.3.p,46655.19247
Eucgr.D01356.2.p,58747.58515
Eucgr.E00287.1.p,49325.63623
Eucgr.F00422.1.p,49878.24099
Eucgr.F00118.2.p,36194.52745
Eucgr.A02030.1.p,43858.8058
Eucgr.A00514.2.p,54490.64104
Eucgr.I00770.1.p,54846.13413
Eucgr.L03133.1.p,11093.75002
Eucgr.D01368.1.p,36017.39109
Eucgr.D01386.1.p,27716.23886
sp|ALBU_BOVIN,69248.43962
Eucgr.J02408.1.p,20136.41958
Eucgr.A02801.1.p,22058.20287
Eucgr.G01233.2.p,63422.11892
Eucgr.G01699.1.p,71961.51064
Eucgr.G02863.1.p,21784.10627
Eucgr.F01985.2.p,28509.75441
Eucgr.H02871.2.p,31525.81942
Eucgr.J00729.1.p,83082.15672
tr|T1QLG8|T1QLG8_EUCGL,7739.02779
Eucgr.D01612.1.p,50452.07243
Eucgr.F02759.1.p,23539.97659
Eucgr.L02340.1.p,52743.18224
Eucgr.F01180.1.p,41138.74091
Eucgr.B03849.1.p,16150.74445
Eucgr.H00828.1.p,14447.40781
Eucgr.C00810.2.p,32002.65228
Eucgr.G02931.1.p,36245.75577
Eucgr.F02718.2.p,20135.77858
Eucgr.I01450.2.p,66637.31416
Eucgr.H02787.1.p,23605.02197
Eucgr.E00224.1.p,52292.84927
Eucgr.A01386.1.p,23904.59009
Eucgr.F02001.1.p,209026.8271
Eucgr.I01237.2.p,25494.21625
Eucgr.I00053.1.p,76936.03898
Eucgr.F03430.1.p,20924.42078
Eucgr.B03914.1.p,50071.39415
Eucgr.L02072.1.p,69300.29322
Eucgr.F02897.3.p,25317.84791
Eucgr.F03416.2.p,19776.69408
Eucgr.K02261.1.p,36055.2547
Eucgr.K01489.1.p,41917.68585
Eucgr.L02937.1.p,23287.64714
Eucgr.K01637.3.p,47972.15086
Eucgr.G01646.2.p,38580.93466
Eucgr.L00008.1.p,52981.21
Eucgr.E02397.1.p,14860.07293
tr|T1QKJ6|T1QKJ6_EUCGL,11852.68625
Eucgr.B03792.2.p,31555.9393
Eucgr.I02743.2.p,54634.33233
Eucgr.D01836.4.p,21796.35213
Eucgr.I00724.1.p,25698.68239
Eucgr.J01702.1.p,22718.49809
Eucgr.A02258.1.p,40817.03366
Eucgr.E02426.2.p,62757.72401
Eucgr.H00481.1.p,37323.02185
Eucgr.I02791.1.p,99302.52006
Eucgr.H03118.1.p,41621.94753
Eucgr.J02936.1.p,36312.56893
Eucgr.H03554.1.p,41010.99412
Eucgr.C00879.2.p,34542.46423
Eucgr.I01255.1.p,51114.07028
Eucgr.F04461.1.p,31683.61569
Eucgr.J00624.1.p,86062.81686
Eucgr.H01602.1.p,51620.90516
Eucgr.B03742.4.p,57092.74022
Eucgr.F03808.3.p,61448.60204
Eucgr.E04152.1.p,73274.52673
Eucgr.G03166.1.p,8411.4733
Eucgr.J01348.1.p,74057.5235
Eucgr.J02472.2.p,40372.51898
Eucgr.B02236.4.p,24948.27712
Eucgr.D01413.4.p,15657.59405
Eucgr.B01152.1.p,31994.11593
Eucgr.L02920.1.p,30775.55275
Eucgr.D02122.1.p,41434.21888
Eucgr.B01318.1.p,60040.03062
Eucgr.A00959.2.p,82328.87629
Eucgr.J02334.1.p,59837.98133
Eucgr.H02995.1.p,16576.99965
Eucgr.G03224.2.p,20288.27152
Eucgr.F01447.2.p,15937.27861
Eucgr.K01363.2.p,37911.80017
Eucgr.H05067.1.p,52888.09717
Eucgr.H00800.1.p,14803.33562
Eucgr.H00256.3.p,21986.00985
Eucgr.I01093.1.p,93495.91476
Eucgr.F00438.2.p,68142.55123
Eucgr.A01649.1.p,20821.39271
Eucgr.A02629.3.p,92006.61246
Eucgr.E02414.2.p,91978.46673
Eucgr.H04375.1.p,35278.40265
Eucgr.J01088.1.p,12390.48248
Eucgr.I01609.1.p,32283.72112
Eucgr.H02332.2.p,27091.9824
Eucgr.H00057.1.p,23626.10497
Eucgr.B01407.2.p,45627.91767
Eucgr.H02345.1.p,59480.92346
Eucgr.D02276.1.p,113500.3813
Eucgr.K00930.1.p,10805.66373
Eucgr.I01598.1.p,29440.84687
Eucgr.F04009.1.p,7717.86684
Eucgr.C00866.2.p,49640.09053
Eucgr.C00220.1.p,8973.22596
Eucgr.I02466.1.p,22377.21425
Eucgr.C00646.1.p,114502.5603
Eucgr.B01550.1.p,140363.8766
Eucgr.H00243.3.p,88549.9561
Eucgr.B00293.1.p,42470.45814
Eucgr.K01859.1.p,12732.37736
Eucgr.G01117.1.p,44750.11309
Eucgr.E01909.1.p,43877.34715
Eucgr.J03069.3.p,32924.79931
Eucgr.F04068.1.p,31796.35355
Eucgr.F00417.2.p,44167.80649
Eucgr.B01895.2.p,20985.02611
Eucgr.K02755.1.p,55433.05161
Eucgr.J01364.4.p,58185.82828
Eucgr.K02665.1.p,25350.91125
Eucgr.H04064.1.p,83028.14598
Eucgr.G01749.1.p,26581.65699
Eucgr.I02214.1.p,26419.91178
Eucgr.D00188.1.p,90328.3031
Eucgr.K00712.1.p,79814.80072
Eucgr.F00650.2.p,65010.26733
Eucgr.D01691.1.p,36324.94463
Eucgr.K00427.1.p,11231.57575
Eucgr.J02303.1.p,49046.72841
Eucgr.G03255.1.p,29497.91262
Eucgr.D02317.2.p,46987.86672
Eucgr.E00653.1.p,81055.13647
Eucgr.C02721.1.p,51045.36316
Eucgr.C03233.1.p,35767.07862
Eucgr.I01760.1.p,11169.70393
Eucgr.F03253.1.p,43219.42128
Eucgr.D01759.1.p,14698.24345
Eucgr.C03890.3.p,22737.56685
Eucgr.I00108.1.p,93835.46626
Eucgr.A01535.2.p,19927.36533
Eucgr.K01625.1.p,23009.27229
Eucgr.C00188.2.p,54273.54469
Eucgr.B00193.1.p,33201.1422
Eucgr.H00878.1.p,12894.96599
Eucgr.F04205.1.p,49161.87803
Eucgr.B01996.5.p,37688.35775
Eucgr.B00347.1.p,57873.18402
Eucgr.G00618.1.p,48564.74061
Eucgr.D02623.1.p,84646.27641
Eucgr.L01629.2.p,44428.68729
Eucgr.H00173.1.p,27328.71016
Eucgr.G02835.1.p,99160.48246
Eucgr.F01448.2.p,41014.24349
Eucgr.D02256.1.p,34143.5587
Eucgr.J00282.2.p,25636.04173
Eucgr.G01697.2.p,29155.45174
Eucgr.E04293.1.p,35627.82161
Eucgr.E00176.5.p,18570.50891
Eucgr.D01676.2.p,26276.93881
Eucgr.D01044.3.p,37180.33714
Eucgr.D01040.1.p,55924.47447
Eucgr.B02811.4.p,47038.13009
Eucgr.B00172.1.p,21243.4559
Eucgr.A01423.1.p,41246.43113
Eucgr.A01317.1.p,35318.27076
Eucgr.A01185.1.p,16607.51293
