sample,mg_Cl_a_per_m2,mg_Cl_b_per_m2,mg_Cl_total_per_m2,umol_Cl_a_per_m2,umol_Cl_b_per_m2,umol_Cl_total_per_m2
KG001,,,,,,
KG002,,,,,,
KG003,,,,,,
KG004,,,,,,
KG005,,,,,,
KG006,,,,,,
KG007,,,,,,
KG008,,,,,,
KG009,,,,,,
KG010,,,,,,
KG011,,,,,,
KG012,,,,,,
KG013,,,,,,
KG014,,,,,,
KG015,,,,,,
KG016,,,,,,
KG017,,,,,,
KG018,,,,,,
KG019,,,,,,
KG020,,,,,,
KG021,,,,,,
KG022,598.3234669,107.3029954,705.6264623,669.2656229,120.025722,789.2913449
KG023,791.500774,150.6641216,942.1648955,885.3476219,168.5281002,1053.875722
KG024,793.8001125,144.234683,938.0347955,887.9195889,161.3363345,1049.255923
KG025,,,,,,
KG026,,,,,,
KG027,,,,,,
KG028,,,,,,
KG029,,,,,,
KG030,,,,,,
KG031,,,,,,
KG032,,,,,,
KG033,,,,,,
KG034,,,,,,
KG035,,,,,,
KG036,544.2225953,109.537659,653.7602543,608.7501066,122.5253456,731.2754522
KG037,1284.619656,256.0843532,1540.70401,1436.934739,286.4478224,1723.382561
KG038,901.5381771,188.9692085,1090.507386,1008.431965,211.3749536,1219.806919
KG039,,,,,,
KG040,,,,,,
KG041,,,,,,
KG042,,,,,,
KG043,,,,,,
KG044,,,,,,
KG045,,,,,,
KG046,,,,,,
KG047,,,,,,
KG048,,,,,,
KG049,460.5899409,99.72134652,560.3112874,515.2012762,111.5451303,626.7464065
KG050,1014.958593,214.3767078,1229.335301,1135.300439,239.7949752,1375.095414
KG051,470.5181321,108.0084708,578.5266029,526.3066355,120.8148443,647.1214798
KG052,,,,,,
KG053,,,,,,
KG054,,,,,,
KG055,,,,,,
KG056,,,,,,
KG057,,,,,,
KG058,,,,,,
KG059,,,,,,
KG060,,,,,,
KG061,,,,,,
KG062,,,,,,
KG063,,,,,,
KG064,,,,,,
KG065,,,,,,
KG066,,,,,,
KG067,,,,,,
KG068,,,,,,
KG069,,,,,,
KG070,,,,,,
KG071,,,,,,
KG072,,,,,,
KG073,,,,,,
KG074,,,,,,
KG075,,,,,,
KG076,,,,,,
KG077,754.5694731,156.9376034,911.5070765,844.037442,175.5454177,1019.58286
KG078,488.1823182,108.9435396,597.1258578,546.0652328,121.8607826,667.9260154
KG079,748.5008996,149.3159629,897.8168625,837.2493284,167.0200927,1004.269421
KG080,,,,,,
KG081,534.3158152,105.207571,639.5233863,597.6686971,117.6818468,715.3505439
KG082,745.673212,142.691452,888.364664,834.0863669,159.6101253,993.6964921
KG083,986.2757174,184.7682654,1171.043983,1103.216686,206.6759121,1309.892598
KG084,,,,,,
KG085,,,,,,
KG086,,,,,,
KG087,,,,,,
KG088,,,,,,
KG089,,,,,,
KG090,,,,,,
KG091,,,,,,
KG092,,,,,,
KG093,,,,,,
KG094,,,,,,
KG095,,,,,,
KG096,,,,,,
KG097,,,,,,
KG098,,,,,,
KG099,,,,,,
KG100,,,,,,
KG101,1308.432702,281.0033235,1589.436025,1463.571255,314.321391,1777.892646
KG102,1014.603217,211.7349158,1226.338133,1134.902928,236.8399506,1371.742878
KG103,744.4620028,133.3582061,877.8202088,832.7315467,149.1702529,981.9017996
KG104,,,,,,
KG105,711.4237254,142.8969091,854.3206345,795.7759792,159.8399431,955.6159222
KG106,470.7936201,92.58842433,563.3820444,526.6147875,103.5664702,630.1812577
KG107,497.5496229,101.8943453,599.4439683,556.5432024,113.9757778,670.5189802
KG108,,,,,,
KG109,,,,,,
KG110,,,,,,
KG111,,,,,,
KG112,,,,,,
KG113,,,,,,
KG114,,,,,,
KG115,,,,,,
KG116,,,,,,
KG117,496.6428312,102.7248659,599.367697,555.5288939,114.9047717,670.4336656
KG118,735.6259685,139.8553038,875.4812724,822.8478395,156.4377,979.2855396
KG119,558.7011306,110.3852927,669.0864234,624.9453363,123.4734818,748.4188181
KG120,,,,,,
KG121,923.8759966,209.8298282,1133.705825,1033.418341,234.7089801,1268.127321
KG122,1816.146183,410.6592401,2226.805423,2031.483426,459.3503805,2490.833806
KG123,704.5272383,160.412839,864.9400772,788.0617878,179.4327058,967.4944936
KG124,,,,,,
KG125,,,,,,
KG126,,,,,,
KG127,,,,,,
KG128,,,,,,
KG129,,,,,,
KG130,,,,,,
KG131,,,,,,
KG132,,,,,,
KG133,1860.089706,412.6511641,2272.74087,2080.637255,461.5784833,2542.215738
KG134,843.6315114,165.2239971,1008.855509,943.6594088,184.8143144,1128.473723
KG135,1920.558511,373.5552156,2294.113726,2148.275739,417.8469973,2566.122737
KG136,,,,,,
KG137,1130.485501,241.9163242,1372.401825,1264.525169,270.5999152,1535.125084
KG138,967.5264332,202.6933956,1170.219829,1082.244332,226.7263932,1308.970726
KG139,624.3171292,133.5064098,757.823539,698.3413078,149.3360288,847.6773366
KG140,,,,,,
KG141,1077.503661,225.6300946,1303.133755,1205.261365,252.3826562,1457.644021
KG142,621.2076419,112.1881046,733.3957465,694.8631341,125.4900499,820.353184
KG143,854.0663661,140.1975654,994.2639314,955.3315057,156.8205429,1112.152049
KG144,,,,,,
QL001,,,,,,
QL002,,,,,,
QL003,,,,,,
QL004,,,,,,
QL005,,,,,,
QL006,,,,,,
QL007,,,,,,
QL008,,,,,,
QL009,,,,,,
QL010,,,,,,
QL011,,,,,,
QL012,,,,,,
QL013,,,,,,
QL014,,,,,,
QL015,,,,,,
QL016,,,,,,
QL017,,,,,,
QL018,,,,,,
QL019,,,,,,
QL020,,,,,,
QL021,,,,,,
QL022,,,,,,
QL023,,,,,,
QL024,,,,,,
QL025,,,,,,
QL026,,,,,,
QL027,,,,,,
QL028,,,,,,
QL029,,,,,,
QL030,,,,,,
QL031,,,,,,
QL032,,,,,,
QL033,,,,,,
QL034,,,,,,
QL035,,,,,,
QL036,,,,,,
QL037,,,,,,
QL038,,,,,,
QL039,,,,,,
QL040,,,,,,
QL041,,,,,,
QL042,,,,,,
QL043,,,,,,
QL044,,,,,,
QL045,,,,,,
QL046,,,,,,
QL047,,,,,,
QL048,,,,,,
QL049,,,,,,
QL050,,,,,,
QL051,,,,,,
QL052,,,,,,
QL053,,,,,,
QL054,,,,,,
QL055,,,,,,
QL056,,,,,,
QL057,,,,,,
QL058,,,,,,
QL059,,,,,,
QL060,,,,,,
QL061,,,,,,
QL062,,,,,,
QL063,,,,,,
QL064,,,,,,
QL065,,,,,,
QL066,,,,,,
QL067,,,,,,
QL068,,,,,,
QL069,,,,,,
QL070,,,,,,
QL071,,,,,,
QL072,,,,,,
QL073,,,,,,
QL074,,,,,,
QL075,,,,,,
QL076,,,,,,
QL077,,,,,,
QL078,,,,,,
QL079,,,,,,
QL080,,,,,,
QL081,,,,,,
QL082,,,,,,
QL083,,,,,,
QL084,,,,,,
QL085,,,,,,
QL086,,,,,,
QL087,,,,,,
QL088,,,,,,
QL089,,,,,,
QL090,,,,,,
QL091,,,,,,
QL092,,,,,,
QL093,,,,,,
QL094,,,,,,
QL095,,,,,,
QL096,,,,,,
QL097,,,,,,
QL098,,,,,,
QL099,,,,,,
QL100,,,,,,
QL101,,,,,,
QL102,,,,,,
QL103,,,,,,
QL104,,,,,,
QL105,,,,,,
QL106,1301.375716,251.2488803,1552.624596,1455.677535,281.039016,1736.716551
QL107,1591.60177,280.2284823,1871.830252,1780.315179,313.4546782,2093.769857
QL108,1274.542849,238.7866886,1513.329537,1425.663142,267.0992042,1692.762346
QL109,,,,,,
QL110,1365.464528,257.6438467,1623.108375,1527.365244,288.1922223,1815.557466
QL111,4386.063865,840.3672556,5226.431121,4906.111706,940.0081158,5846.119822
QL112,2425.177601,520.0112301,2945.188831,2712.726623,581.6680426,3294.394666
QL113,,,,,,
QL114,1125.08427,187.3832959,1312.467566,1258.483523,209.6010022,1468.084526
QL115,1931.366441,353.6536481,2285.020089,2160.365146,395.5857361,2555.950882
QL116,1542.97529,336.8235343,1879.798824,1725.923143,376.7601054,2102.683248
QL117,,,,,,
QL118,,,,,,
QL119,,,,,,
QL120,,,,,,
QL121,,,,,,
QL122,,,,,,
QL123,,,,,,
QL124,,,,,,
QL125,,,,,,
QL126,,,,,,
QL127,,,,,,
QL128,,,,,,
QL129,,,,,,
QL130,1006.615071,187.0249827,1193.640054,1125.967641,209.2002043,1335.167845
QL131,1955.409905,396.9131483,2352.323053,2187.259401,443.9744388,2631.23384
QL132,3209.250142,673.8595783,3883.109721,3589.76526,753.7579176,4343.523177
QL133,1189.686806,258.2661584,1447.952964,1330.745868,288.8883203,1619.634188
QL134,776.8115286,181.933747,958.7452756,868.9166987,203.5053098,1072.422008
QL135,1635.784412,318.8872382,1954.671651,1829.736479,356.6971345,2186.433614
QL136,2425.668988,447.0317588,2872.700747,2713.276273,500.0355244,3213.311797
QL137,1708.367974,339.5280825,2047.896056,1910.926145,379.7853272,2290.711473
QL138,2626.694601,561.6846688,3188.37927,2938.137137,628.2826273,3566.419765
QL139,3264.277816,694.9676914,3959.245507,3651.317467,777.3687823,4428.686249
QL140,3621.420574,771.5366558,4392.95723,4050.806011,863.0163935,4913.822404
QL141,3066.135631,733.0242287,3799.159859,3429.681914,819.937616,4249.61953
QL142,4106.583746,824.0611561,4930.644902,4593.494123,921.768631,5515.262754
QL143,3053.144627,706.3123543,3759.456982,3415.15059,790.0585619,4205.209152
QL144,3149.090527,731.086919,3880.177446,3522.472626,817.7706029,4340.243228
QL145,3933.817885,801.8399037,4735.657788,4400.243719,896.912644,5297.156363
QL146,2421.587551,489.9947558,2911.582307,2708.710907,548.092568,3256.803475
QL147,1484.005887,344.0618019,1828.067689,1659.961842,384.8566017,2044.818444
QL148,3159.116672,619.1732533,3778.289925,3533.687553,692.5875317,4226.275084
QL149,2673.051676,590.958506,3264.010182,2989.990689,661.0274117,3651.018101
QL150,2678.262377,594.6817081,3272.944085,2995.819213,665.1920673,3661.011281
QL151,1431.191483,314.8395652,1746.031048,1600.885327,352.1695361,1953.054863
QL152,2714.036044,593.927366,3307.96341,3035.834501,664.3482841,3700.182785
QL153,1761.2218,426.7300668,2187.951866,1970.046756,477.3266966,2447.373452
QL154,2564.990253,599.0038766,3163.99413,2869.116614,670.0267076,3539.143322
QL155,2174.314741,500.3278047,2674.642545,2432.119397,559.6507882,2991.770185
QL156,2419.275455,551.0387035,2970.314158,2706.12467,616.3743887,3322.499059
QL157,,,,,,
QL158,,,,,,
QL159,,,,,,
QL160,,,,,,
QL161,,,,,,
QL162,,,,,,
QL163,,,,,,
QL164,,,,,,
QL165,,,,,,
QL166,,,,,,
QL167,,,,,,
QL168,,,,,,
QL169,,,,,,
QL170,1523.269359,322.5093143,1845.778673,1703.880714,360.7486738,2064.629388
QL171,2325.62538,486.8596651,2812.485045,2601.370671,544.5857551,3145.956426
QL172,2460.394364,541.9802597,3002.374624,2752.118976,606.2419012,3358.360877
QL173,1908.610827,360.0833962,2268.694223,2134.911439,402.7778481,2537.689287
QL174,2607.175599,570.357719,3177.533318,2916.303803,637.9840257,3554.287828
QL175,3392.615692,680.5675309,4073.183223,3794.872138,761.2612203,4556.133359
QL176,,,,,,
QL177,,,,,,
QL178,,,,,,
QL179,,,,,,
QL180,,,,,,
QL181,,,,,,
QL182,,,,,,
QL183,,,,,,
QL184,1208.36488,230.1826201,1438.5475,1351.638568,257.4749666,1609.113535
QL185,2086.646283,384.2279647,2470.874247,2334.056245,429.7851955,2763.84144
QL186,1589.552334,317.1660227,1906.718357,1778.022745,354.7718375,2132.794583
QL187,,,,,,
QL188,,,,,,
QL189,,,,,,
QL190,,,,,,
QL191,,,,,,
QL192,,,,,,
QL193,,,,,,
QL194,,,,,,
QL195,,,,,,
QL196,,,,,,
QL197,,,,,,
QL198,,,,,,
QL199,,,,,,
QL200,,,,,,
QL201,,,,,,
QL202,,,,,,
QL203,,,,,,
QL204,,,,,,
QL205,,,,,,
QL206,,,,,,
QL207,,,,,,
QL208,,,,,,
QL209,,,,,,
QL210,,,,,,
QL211,,,,,,
QL212,,,,,,
QL213,,,,,,
QL214,,,,,,
QL215,,,,,,
QL216,,,,,,
QL217,,,,,,
QL218,,,,,,
QL219,,,,,,
QL220,,,,,,
QL221,,,,,,
QL222,,,,,,
QL223,,,,,,
QL224,,,,,,
QL225,,,,,,
QL226,1417.318864,266.5209131,1683.839777,1585.367856,298.1218267,1883.489683
QL227,2629.237022,569.2370128,3198.474035,2940.981009,636.7304394,3577.711449
QL228,1152.659845,225.572954,1378.232799,1289.328686,252.3187405,1541.647426
QL229,2061.102659,430.0882924,2491.190951,2305.483958,481.0831012,2786.567059
QL230,1342.846211,286.0495813,1628.895793,1502.065113,319.9659746,1822.031088
QL231,1706.953488,343.5008021,2050.454291,1909.343947,384.2290851,2293.573032
QL232,1882.082505,383.6198687,2265.702373,2105.237701,429.1049986,2534.342699
QL233,1530.279085,328.2657277,1858.544812,1711.721571,367.1876148,2078.909186
QL234,1904.673648,421.9996949,2326.673343,2130.507437,472.0354529,2602.54289
QL235,1197.207089,203.6844317,1400.891521,1339.157817,227.8349348,1566.992752
QL236,1824.927998,336.7660086,2161.694006,2041.306485,376.695759,2418.002244
QL237,879.4389006,160.6148965,1040.053797,983.7124168,179.6587209,1163.371138
QL238,1326.248139,248.0869902,1574.335129,1483.499037,277.5022262,1761.001263
QL239,1618.426901,305.3152924,1923.742193,1810.320918,341.5159871,2151.836905
QL240,1427.544979,277.0485873,1704.593566,1596.806464,309.8977487,1906.704213
QL241,523.3427971,88.90275617,612.2455532,585.3946276,99.44379885,684.8384264
QL242,1529.936455,291.0128847,1820.94934,1711.338317,325.5177681,2036.856085
QL243,1290.691248,254.0700764,1544.761324,1443.726228,284.1947164,1727.920944
QL244,,,,,,
QL245,,,,,,
QL246,,,,,,
QL247,,,,,,
QL248,,,,,,
QL249,,,,,,
QL250,,,,,,
QL251,,,,,,
QL252,,,,,,
QL253,,,,,,
QL254,,,,,,
QL255,,,,,,
QL256,,,,,,
QL257,,,,,,
QL258,,,,,,
QL259,,,,,,
QL260,,,,,,
QL261,,,,,,
QL262,,,,,,
QL263,,,,,,
QL264,,,,,,
QL265,,,,,,
QL266,,,,,,
QL267,,,,,,
QL268,,,,,,
QL269,,,,,,
QL270,,,,,,
QL271,,,,,,
QL272,,,,,,
QL273,,,,,,
QL274,,,,,,
QL275,,,,,,
QL276,,,,,,
QL277,,,,,,
QL278,,,,,,
QL279,,,,,,
QL280,,,,,,
QL281,,,,,,
QL282,,,,,,
QL283,,,,,,
QL284,,,,,,
QL285,,,,,,
QL286,,,,,,
QL287,,,,,,
QL288,,,,,,
QL289,,,,,,
QL290,,,,,,
QL291,,,,,,
QL292,,,,,,
QL293,,,,,,
QL294,,,,,,
QL295,,,,,,
QL296,,,,,,
QL297,,,,,,
QL298,,,,,,
QL299,,,,,,
QL300,,,,,,
QL301,,,,,,
QL302,,,,,,
QL303,,,,,,
QL304,911.1277405,153.7227338,1064.850474,1019.158546,171.9493666,1191.107913
QL305,1364.287041,265.9519306,1630.238972,1526.048145,297.485381,1823.533526
QL306,862.5229477,154.1498697,1016.672817,964.7907693,172.4271474,1137.217917
QL307,957.4351282,183.481891,1140.917019,1070.956519,205.2370146,1276.193534
QL308,1048.136089,212.1119063,1260.247995,1172.411733,237.2616401,1409.673373
QL309,649.796713,130.1166058,779.9133188,726.8419608,145.5443018,872.3862627
QL310,507.9278647,103.1333566,611.0612213,568.151974,115.3616964,683.5136704
QL311,780.1004452,153.7161867,933.8166319,872.5955763,171.9420433,1044.53762
QL312,525.4292811,112.9001843,638.3294654,587.7285024,126.2865596,714.015062
QL313,1237.225386,212.0798317,1449.305218,1383.921014,237.2257626,1621.146776
QL314,1789.3586,315.8663659,2105.224966,2001.519687,353.3180826,2354.83777
QL315,1226.437431,227.6811142,1454.118545,1371.853949,254.6768615,1626.530811
QL316,2109.648183,385.0727504,2494.720933,2359.78544,430.7301459,2790.515586
QL317,1851.51031,324.7534737,2176.263783,2071.040615,363.2589192,2434.299534
QL318,1145.876856,181.2955931,1327.172449,1281.74145,202.7914912,1484.532941
QL319,497.8621505,81.10103816,578.9631886,556.8927857,90.71704492,647.6098307
QL320,1593.041378,281.9335938,1874.974971,1781.925478,315.3619617,2097.28744
QL321,1475.219275,234.304504,1709.523779,1650.133418,262.0855749,1912.218993
QL322,,,,,,
QL323,,,,,,
QL324,,,,,,
QL325,668.6138696,116.5252537,785.1391234,747.8902345,130.3414471,878.2316816
QL326,238.131497,35.49409404,273.625591,266.3663277,39.70256604,306.0688938
QL327,305.4142099,50.17238275,355.5865927,341.626633,56.12123351,397.7478665
QL328,743.9907137,97.53702,841.5277337,832.2043777,109.1018121,941.3061898
QL329,638.9317127,110.6792964,749.6110091,714.6887166,123.802345,838.4910616
QL330,353.8510028,52.48799802,406.3390008,395.8064908,58.71140718,454.517898
QL331,284.1198053,49.34399234,333.4637976,317.8073885,55.1946223,373.0020108
QL332,228.8834218,46.09659766,274.9800195,256.0217247,51.56218978,307.5839144
QL333,221.6376592,50.00316819,271.6408274,247.9168447,55.93195547,303.8488002
QL334,,,,,,
QL335,,,,,,
QL336,,,,,,
QL337,,,,,,
QL338,,,,,,
QL339,,,,,,
QL340,,,,,,
QL341,,,,,,
QL342,,,,,,
QL343,,,,,,
QL344,,,,,,
QL345,,,,,,
QL346,,,,,,
QL347,,,,,,
QL348,,,,,,
QL349,,,,,,
QL350,,,,,,
QL351,,,,,,
QL352,,,,,,
QL353,,,,,,
QL354,,,,,,
QL355,,,,,,
QL356,,,,,,
QL357,,,,,,
QL358,,,,,,
QL359,,,,,,
QL360,,,,,,
QL361,,,,,,
QL362,,,,,,
QL363,,,,,,
QL364,,,,,,
QL365,,,,,,
QL366,,,,,,
QL367,,,,,,
QL368,,,,,,
QL369,,,,,,
QL370,,,,,,
QL371,,,,,,
QL372,,,,,,
QL373,,,,,,
QL374,,,,,,
QL375,,,,,,
QL376,,,,,,
QL377,,,,,,
QL378,,,,,,
QL379,,,,,,
QL380,,,,,,
QL381,,,,,,
QL382,,,,,,
QL383,,,,,,
QL384,,,,,,
QL385,,,,,,
QL386,,,,,,
QL387,,,,,,
QL388,,,,,,
QL389,,,,,,
QL390,,,,,,
QL391,,,,,,
QL392,,,,,,
QL393,,,,,,
QL394,,,,,,
QL395,,,,,,
QL396,,,,,,
QL397,727.6668764,121.0363044,848.7031808,813.9450519,135.3873651,949.332417
QL398,476.5963854,85.09120698,561.6875924,533.1055766,95.180321,628.2858976
QL399,385.4558844,67.05061358,452.506498,431.1587074,75.00068633,506.1593937
QL400,391.5727659,72.13955652,463.7123224,438.0008567,80.69301624,518.6938729
QL401,226.4725205,38.7089445,265.181465,253.324967,43.29859564,296.6235627
QL402,392.5828302,75.88241921,468.4652494,439.1306825,84.87966355,524.0103461
QL403,516.7746416,91.66565625,608.4402979,578.0476976,102.5342911,680.5819887
QL404,386.178494,77.30161115,463.4801051,431.9669955,86.46712656,518.4341221
QL405,466.6697757,93.28162051,559.9513962,522.0019862,104.3418574,626.3438436
QL406,273.1222898,48.87107692,321.9933667,305.505917,54.66563414,360.1715512
QL407,699.076782,133.7492274,832.8260094,781.9650805,149.6076369,931.5727175
QL408,410.4561679,80.51939055,490.9755584,459.1232303,90.06643238,549.1896627
QL409,,,,,,
QL410,233.1973291,39.0042898,272.2016189,260.8471243,43.6289595,304.4760838
QL411,559.7260932,95.91256456,655.6386578,626.0918269,107.2847478,733.3765747
QL412,607.8497116,110.1932495,718.0429611,679.9213777,123.2586684,803.180046
QL413,,,,,,
QL414,414.5287258,81.06141212,495.590138,463.6786642,90.67272049,554.3513847
QL415,863.1789008,146.0871452,1009.266046,965.5244976,163.4084398,1128.932937
QL416,482.6919239,92.8086563,575.5005802,539.9238522,103.8128147,643.7366669
QL417,,,,,,
QL418,,,,,,
QL419,,,,,,
QL420,,,,,,
QL421,,,,,,
QL422,,,,,,
QL423,,,,,,
QL424,,,,,,
QL425,,,,,,
QL426,,,,,,
QL427,,,,,,
QL428,,,,,,
QL429,,,,,,
QL430,,,,,,
QL431,,,,,,
QL432,,,,,,
QL433,,,,,,
QL434,,,,,,
QL435,,,,,,
QL436,,,,,,
QL437,,,,,,
QL438,,,,,,
QL439,,,,,,
QL440,,,,,,
QL441,,,,,,
QL442,,,,,,
QL443,,,,,,
QL444,,,,,,
QL445,,,,,,
QL446,,,,,,
QL447,,,,,,
QL448,841.6837396,152.7766397,994.4603793,941.480693,170.8910959,1112.371789
QL449,1456.938291,288.696264,1745.634555,1629.684889,322.9264698,1952.611359
QL450,1209.254125,233.3086421,1442.562767,1352.63325,260.9716355,1613.604885
QL451,457.7393337,79.04515273,536.7844864,512.0126775,88.41739679,600.4300743
QL452,433.1927863,85.05153903,518.2443253,484.5556893,95.1359497,579.691639
QL453,556.4360729,122.061145,678.4972179,622.4117147,136.5337192,758.9454339
QL454,995.427069,179.4447823,1174.871851,1113.453097,200.721233,1314.17433
QL455,561.6948478,96.45581954,658.1506673,628.2940132,107.8924156,736.1864287
QL456,809.6616854,136.8803765,946.5420619,905.6618405,153.1100408,1058.771881
QL457,,,,,,
QL458,,,,,,
QL459,,,,,,
QL460,,,,,,
QL461,,,,,,
QL462,,,,,,
QL463,,,,,,
QL464,,,,,,
QL465,,,,,,
RH001,,,,,,
RH002,893.8244619,183.445847,1077.270309,999.8036487,205.1966968,1205.000346
RH003,627.268698,145.763547,773.032245,701.6428389,163.0464732,864.6893121
RH004,,,,,,
RH005,642.928355,123.9677571,766.8961121,719.1592338,138.666395,857.8256287
RH006,1362.052772,252.9035262,1614.956298,1523.548962,282.8898504,1806.438812
RH007,1318.378843,248.2249556,1566.603799,1474.696693,277.6565499,1752.353243
RH008,,,,,,
RH009,460.4930362,77.22496319,537.7179993,515.0928816,86.3813906,601.4742722
RH010,530.9256741,88.52455254,619.4502266,593.8765929,99.02075229,692.8973452
RH011,604.9535259,100.4090588,705.3625847,676.6817963,112.3143834,788.9961797
RH012,,,,,,
RH013,,,,,,
RH014,,,,,,
RH015,,,,,,
RH016,,,,,,
RH017,,,,,,
RH018,,,,,,
RH019,,,,,,
RH020,,,,,,
RH021,,,,,,
RH022,,,,,,
RH023,,,,,,
RH024,,,,,,
RH025,,,,,,
RH026,,,,,,
RH027,,,,,,
RH028,,,,,,
RH029,,,,,,
RH030,,,,,,
RH031,,,,,,
RH032,,,,,,
RH033,,,,,,
RH034,,,,,,
RH035,,,,,,
RH036,,,,,,
RH037,,,,,,
RH038,,,,,,
RH039,,,,,,
RH040,,,,,,
RH041,,,,,,
RH042,,,,,,
RH043,,,,,,
RH044,,,,,,
RH045,,,,,,
RH046,,,,,,
RH047,,,,,,
RH048,,,,,,
RH049,,,,,,
RH050,,,,,,
RH051,,,,,,
RH052,,,,,,
RH053,,,,,,
RH054,,,,,,
RH055,901.1309611,197.3516163,1098.482577,1007.976467,220.7512487,1228.727715
RH056,669.6129451,151.3483436,820.9612887,749.0077685,169.2934492,918.3012178
RH057,716.3664617,165.7305517,882.0970134,801.304767,185.3809304,986.6856974
RH058,,,,,,
RH059,661.5148816,123.9958977,785.5107792,739.9495319,138.6978721,878.647404
RH060,357.7715392,64.11106606,421.8826053,400.1918783,71.71260185,471.9044802
RH061,268.1660372,53.00469839,321.1707356,299.9620103,59.28937181,359.2513821
RH062,,,,,,
RH063,1516.547181,269.0056387,1785.552819,1696.361499,300.9011619,1997.262661
RH064,601.3516711,125.8552785,727.2069496,672.652876,140.7777164,813.4305924
RH065,1270.514668,277.8852923,1548.39996,1421.157347,310.8336603,1731.991007
RH066,,,,,,
RH067,,,,,,
RH068,,,,,,
RH069,,,,,,
RH070,,,,,,
RH071,,,,,,
RH072,,,,,,
RH073,,,,,,
RH074,,,,,,
RH075,,,,,,
RH076,,,,,,
RH077,,,,,,
RH078,,,,,,
RH079,,,,,,
RH080,,,,,,
RH081,,,,,,
RH082,,,,,,
RH083,,,,,,
RH084,,,,,,
RH085,,,,,,
RH086,,,,,,
RH087,,,,,,
RH088,,,,,,
RH089,,,,,,
RH090,,,,,,
RH091,,,,,,
RH092,,,,,,
RH093,,,,,,
RH094,,,,,,
RH095,,,,,,
RH096,592.7136619,102.6233247,695.3369866,662.9906733,114.7911909,777.7818642
RH097,106.6443449,15.79176786,122.4361127,119.2889763,17.66416986,136.9531462
RH098,127.5638672,18.94937057,146.5132377,142.6888894,21.19616395,163.8850534
RH099,300.153209,51.85942041,352.0126294,335.7418446,58.00830023,393.7501448
RH100,594.3176159,104.736702,699.054318,664.7848053,117.1551477,781.939953
RH101,222.6342746,33.02414653,255.6584212,249.0316271,36.93976122,285.9713883
RH102,559.2160746,86.19074742,645.406822,625.5213363,96.41023201,721.9315683
RH103,427.3608292,76.726929,504.0877582,478.0322474,85.82430537,563.8565528
RH104,367.0070518,63.05231081,430.0593626,410.5224293,70.52831187,481.0507412
RH105,,,,,,
RH106,,,,,,
RH107,,,,,,
RH108,,,,,,
RH109,,,,,,
RH110,,,,,,
RH111,,,,,,
RH112,,,,,,
RH113,,,,,,
RH114,,,,,,
RH115,,,,,,
RH116,,,,,,
RH117,1080.924002,205.5947646,1286.518766,1209.08725,229.9717725,1439.059023
RH118,1734.476192,333.3706061,2067.846798,1940.129969,372.8977697,2313.027739
RH119,828.9968777,155.4807717,984.4776494,927.2895724,173.9158521,1101.205424
RH120,1595.916785,302.4791737,1898.395958,1785.141817,338.3435948,2123.485412
RH121,965.9101315,192.7207193,1158.630851,1080.436389,215.5712744,1296.007663
RH122,778.3301096,174.7312816,953.0613911,870.6153351,195.4488608,1066.064196
RH123,840.404921,144.9733081,985.3782291,940.0502472,162.162537,1102.212784
RH124,1034.224918,199.7480529,1233.972971,1156.851139,223.4318265,1380.282966
RH125,1043.341207,220.7322518,1264.073459,1167.04833,246.9040848,1413.952415
T001,,,,,,
T002,,,,,,
T003,,,,,,
T004,,,,,,
T005,,,,,,
T006,,,,,,
T007,,,,,,
T008,,,,,,
T009,,,,,,
T010,,,,,,
T011,,,,,,
T012,,,,,,
T013,589.4305035,91.42861857,680.8591221,659.3182366,102.2691483,761.5873849
T014,804.2973482,149.0841691,953.3815173,899.6614633,166.7608156,1066.422279
T015,547.0473848,103.2894885,650.3368734,611.9098264,115.5363407,727.4461671
T016,,,,,,
T017,672.3725072,110.8773086,783.2498158,752.094527,124.0238351,876.1183621
T018,715.1800833,118.6563775,833.8364608,799.9777218,132.7252545,932.7029763
T019,230.1947039,44.65202848,274.8467323,257.4884831,49.94634058,307.4348237
T020,,,,,,
T021,380.3161629,59.61164215,439.927805,425.4095782,66.6796892,492.0892674
T022,465.4452151,65.24102925,530.6862444,520.6322317,72.97654278,593.6087745
T023,410.7569671,72.52737752,483.2843446,459.4596947,81.12682049,540.5865152
T024,,,,,,
T025,,,,,,
T026,,,,,,
T027,,,,,,
T028,,,,,,
T029,,,,,,
T030,,,,,,
T031,,,,,,
T032,,,,,,
T033,,,,,,
T034,,,,,,
T035,,,,,,
T036,,,,,,
T037,,,,,,
T038,,,,,,
T039,,,,,,
T040,,,,,,
T041,,,,,,
T042,,,,,,
T043,,,,,,
T044,,,,,,
T045,,,,,,
T046,,,,,,
T047,,,,,,
T048,,,,,,
T049,620.1997641,122.312987,742.5127511,693.7357541,136.8154217,830.5511758
T050,817.0567486,161.8432409,978.8999895,913.9337232,181.032708,1094.966431
T051,1311.977115,263.6036183,1575.580733,1467.535922,294.8586334,1762.394556
T052,,,,,,
T053,263.5585557,49.17775491,312.7363106,294.8082278,55.00867439,349.8169022
T054,484.3390844,98.22708811,582.5661725,541.7663136,109.8737004,651.640014
T055,632.2720075,128.3810929,760.6531004,707.239382,143.6030122,850.8423942
T056,,,,,,
T057,418.1630459,76.37355084,494.5365968,467.7438992,85.42902779,553.172927
T058,1084.598936,218.9176046,1303.51654,1213.197915,244.8742781,1458.072193
T059,1229.106968,257.523752,1486.63072,1374.840009,288.0578881,1662.897897
T060,,,,,,
T061,,,,,,
T062,,,,,,
T063,,,,,,
T064,,,,,,
T065,,,,,,
T066,,,,,,
T067,,,,,,
T068,,,,,,
T069,,,,,,
T070,,,,,,
T071,,,,,,
T072,,,,,,
T073,,,,,,
T074,,,,,,
T075,,,,,,
T076,,,,,,
T077,,,,,,
T078,,,,,,
T079,,,,,,
T080,,,,,,
T081,,,,,,
T082,,,,,,
T083,,,,,,
T084,,,,,,
T085,,,,,,
T086,,,,,,
T087,,,,,,
T088,,,,,,
T089,,,,,,
T090,,,,,,
T091,,,,,,
T092,,,,,,
T093,,,,,,
T094,,,,,,
T095,,,,,,
T096,,,,,,
T097,,,,,,
T098,,,,,,
T099,,,,,,
T100,,,,,,
T101,,,,,,
T102,,,,,,
T103,,,,,,
T104,,,,,,
T105,,,,,,
T106,,,,,,
T107,,,,,,
T108,,,,,,
T109,,,,,,
T110,,,,,,
T111,,,,,,
T112,,,,,,
T113,,,,,,
T114,,,,,,
T115,,,,,,
T116,,,,,,
T117,,,,,,
T118,,,,,,
T119,,,,,,
T120,,,,,,
T121,,,,,,
T122,,,,,,
T123,,,,,,
T124,,,,,,
T125,,,,,,
T126,,,,,,
T127,,,,,,
T128,,,,,,
T129,,,,,,
T130,,,,,,
T131,,,,,,
T132,,,,,,
T133,,,,,,
T134,,,,,,
T135,,,,,,
T136,,,,,,
T137,,,,,,
T138,,,,,,
T139,,,,,,
T140,,,,,,
T141,,,,,,
T142,,,,,,
T143,,,,,,
T144,,,,,,
T145,568.1251239,109.1862309,677.3113548,635.4867157,122.1322493,757.618965
T146,560.3157194,111.6949233,672.0106427,626.751364,124.9383929,751.6897569
T147,455.28693,94.31889488,549.6058248,509.2694966,105.5021196,614.7716161
T148,,,,,,
T149,419.0416242,73.49957619,492.5412003,468.7266489,82.21429104,550.94094
T150,451.4083544,80.4702863,531.8786408,504.9310452,90.01150593,594.9425512
T151,499.6050745,83.53218643,583.1372609,558.8423652,93.43645015,652.2788153
T152,,,,,,
T153,450.330329,79.5580559,529.8883849,503.7252002,88.99111399,592.7163142
T154,560.6396813,108.6643665,669.3040478,627.1137374,121.5485084,748.6622458
T155,646.2186491,132.6382717,778.8569208,722.8396523,148.3649571,871.2046094
T156,,,,,,
T157,732.3990558,117.2664718,849.6655277,819.2383175,131.1705502,950.4088677
T158,470.4059457,85.78201486,556.1879605,526.1811473,95.95303676,622.134184
T159,513.5673672,91.62927887,605.196646,574.4601423,102.4936005,676.9537428
T160,,,,,,
T161,625.052872,104.3529336,729.4058056,699.1642863,116.7258765,815.8901629
T162,307.3692374,58.98795071,366.3571881,343.8134647,65.98204778,409.7955125
T163,258.8272981,46.76968637,305.5969844,289.5159934,52.31508543,341.8310788
T164,,,,,,
T165,462.6632529,85.29411778,547.9573707,517.5204172,95.40729058,612.9277077
T166,250.0616649,50.09143331,300.1530982,279.7110345,56.03068603,335.7417205
T167,294.7715257,54.89611979,349.6676454,329.7220645,61.4050557,391.1271202
T168,,,,,,
T169,,,,,,
T170,,,,,,
T171,,,,,,
T172,,,,,,
T173,,,,,,
T174,,,,,,
T175,,,,,,
T176,,,,,,
T177,,,,,,
T178,,,,,,
T179,,,,,,
T180,,,,,,
T181,,,,,,
T182,,,,,,
T183,,,,,,
T184,,,,,,
T185,,,,,,
T186,,,,,,
T187,,,,,,
T188,,,,,,
T189,,,,,,
T190,,,,,,
T191,,,,,,
T192,,,,,,
T193,,,,,,
T194,,,,,,
T195,,,,,,
T196,,,,,,
T197,,,,,,
T198,,,,,,
T199,,,,,,
T200,,,,,,
T201,,,,,,
T202,,,,,,
T203,,,,,,
T204,,,,,,
T205,,,,,,
T206,,,,,,
T207,,,,,,
T208,,,,,,
T209,,,,,,
T210,,,,,,
T211,,,,,,
T212,,,,,,
T213,,,,,,
T214,,,,,,
T215,,,,,,
T216,,,,,,
T217,901.5143637,169.0782732,1070.592637,1008.405329,189.1255852,1197.530914
T218,1134.466641,237.1453997,1371.612041,1268.978346,265.2633107,1534.241656
T219,1333.561014,264.5660137,1598.127028,1491.678987,295.9351383,1787.614125
T220,,,,,,
T221,1172.170429,233.792771,1405.9632,1311.152605,261.5131666,1572.665772
T222,1338.929485,280.079709,1619.009194,1497.683988,313.2882651,1810.972253
T223,638.4926456,140.1149242,778.6075698,714.1975901,156.7281032,870.9256933
T224,,,,,,
T225,1898.684355,418.9343267,2317.618682,2123.808004,468.6066294,2592.414633
T226,1396.089272,296.4623286,1692.5516,1561.62111,331.6133429,1893.234452
T227,1835.435039,377.450782,2212.885821,2053.059328,422.2044541,2475.263782
T228,,,,,,
T229,,,,,,
T230,,,,,,
T231,,,,,,
T232,,,,,,
T233,,,,,,
T234,,,,,,
T235,,,,,,
T236,,,,,,
T237,,,,,,
T238,,,,,,
T239,,,,,,
T240,,,,,,
T241,421.7766763,77.92238684,499.6990632,471.7859914,87.16150654,558.947498
T242,755.9033703,156.0875893,911.9909596,845.529497,174.5946189,1020.124116
T243,1003.58231,214.2604426,1217.842752,1122.57529,239.6649247,1362.240215
T244,,,,,,
T245,,,,,,
T246,1027.75618,209.1837007,1236.939881,1149.615414,233.9862424,1383.601657
T247,1785.086813,355.9961838,2141.082997,1996.741401,398.2060221,2394.947423
T248,,,,,,
T249,601.1595406,118.8806446,720.0401852,672.4379648,132.9761125,805.4140774
T250,1971.390287,390.4945327,2361.88482,2205.134549,436.7947793,2641.929329
T251,759.4336198,138.0898358,897.5234557,849.4783219,154.4629036,1003.941226
T252,,,,,,
T253,,,,,,
T254,,,,,,
T255,,,,,,
T256,,,,,,
T257,,,,,,
T258,,,,,,
T259,,,,,,
T260,,,,,,
T261,,,,,,
T262,,,,,,
T263,,,,,,
T264,,,,,,
T265,,,,,,
T266,,,,,,
T267,,,,,,
T268,,,,,,
T269,,,,,,
T270,,,,,,
T271,,,,,,
T272,,,,,,
T273,,,,,,
T274,,,,,,
T275,,,,,,
T276,,,,,,
T277,,,,,,
T278,,,,,,
T279,,,,,,
T280,,,,,,
T281,,,,,,
T282,,,,,,
T283,,,,,,
T284,,,,,,
T285,,,,,,
T286,,,,,,
T287,,,,,,
T288,,,,,,
T289,,,,,,
T290,,,,,,
T291,,,,,,
T292,,,,,,
T293,,,,,,
T294,,,,,,
T295,,,,,,
T296,,,,,,
T297,,,,,,
T298,,,,,,
T299,,,,,,
T300,,,,,,
T301,,,,,,
T302,,,,,,
T303,,,,,,
T304,,,,,,
T305,,,,,,
T306,,,,,,
T307,,,,,,
T308,,,,,,
T309,,,,,,
T310,,,,,,
T311,,,,,,
T312,,,,,,
T313,,,,,,
T314,,,,,,
T315,,,,,,
T316,,,,,,
T317,,,,,,
T318,,,,,,
T319,184.9219606,39.1405299,224.0624905,206.8478306,43.78135335,250.629184
T320,1373.925885,300.6694178,1674.595303,1536.829849,336.3192592,1873.149108
T321,1487.621831,328.0698235,1815.691654,1664.006522,366.9684826,2030.975005
T322,,,,,,
T323,932.3088794,166.2702905,1098.57917,1042.851096,185.984665,1228.835761
T324,771.3514411,154.2397133,925.5911543,862.8092182,172.5276435,1035.336862
T325,711.0479656,153.1267038,864.1746694,795.3556662,171.2826665,966.6383327
T326,,,,,,
T327,454.7001461,71.65671222,526.3568583,508.6131388,80.15292194,588.7660607
T328,1352.724445,270.7012942,1623.425739,1513.114592,302.7978683,1815.91246
T329,848.3755792,181.4252539,1029.800833,948.9659722,202.9365256,1151.902498
T330,,,,,,
T331,851.0119875,173.6829872,1024.694975,951.9149748,194.2762721,1146.191247
T332,1640.779114,377.2401722,2018.019286,1835.323393,421.9688727,2257.292266
T333,616.1985047,147.3152163,763.513721,689.2600724,164.7821211,854.0421935
T334,,,,,,
T335,581.9933377,125.8003912,707.7937289,650.9992592,140.7163212,791.7155804
T336,668.4127273,132.7256906,801.138418,747.6652431,148.4627412,896.1279843
T337,591.3513384,118.4364231,709.7877616,661.4668215,132.4792205,793.946042
T338,,,,,,
T339,792.5005782,146.5547342,939.0553124,886.4659711,163.9314701,1050.397441
T340,1287.042331,250.0926147,1537.134945,1439.644665,279.745654,1719.390319
T341,678.5719792,137.2091687,815.7811479,759.0290595,153.4778173,912.5068768
T342,,,,,,
T343,,,,,,
T344,,,,,,
T345,,,,,,
T346,,,,,,
T347,,,,,,
T348,,,,,,
T349,,,,,,
T350,,,,,,
T351,,,,,,
T352,,,,,,
T353,,,,,,
T354,,,,,,
T355,,,,,,
T356,,,,,,
T357,,,,,,
T358,,,,,,
T359,,,,,,
T360,,,,,,
T361,,,,,,
T362,,,,,,
T363,,,,,,
T364,,,,,,
T365,,,,,,
T366,,,,,,
T367,,,,,,
T368,,,,,,
T369,,,,,,
T370,,,,,,
T371,,,,,,
T372,721.6955953,145.6732403,867.3688356,807.2657666,162.9454589,970.2112255
T373,1642.957865,311.3585041,1954.316369,1837.760475,348.2757316,2186.036207
T374,421.3256998,78.01033502,499.3360348,471.2815434,87.25988257,558.5414259
T375,,,,,,
T376,942.7389211,188.6283003,1131.367221,1054.517809,210.9936245,1265.511433
T377,2041.317907,389.9470542,2431.264961,2283.353363,436.1823873,2719.53575
T378,1583.948887,315.8480606,1899.796947,1771.754907,353.2976069,2125.052514
T379,,,,,,
T380,764.6180024,155.4848251,920.1028274,855.2774076,173.920386,1029.197794
T381,888.896579,185.5430178,1074.439597,994.2914754,207.5425255,1201.834001
T382,1030.260751,211.7891741,1242.049925,1152.416947,236.9006422,1389.31759
T383,,,,,,
T384,,,,,,
T385,,,,,,
T386,,,,,,
T387,,,,,,
T388,,,,,,
T389,,,,,,
T390,,,,,,
T391,,,,,,
T392,,,,,,
T393,,,,,,
T394,,,,,,
T395,,,,,,
T396,,,,,,
T397,504.0989358,83.91244328,588.0113791,563.8690557,93.86179338,657.7308491
T398,1207.385829,221.4256054,1428.811434,1350.543433,247.6796481,1598.223081
T399,883.8970976,208.291746,1092.188844,988.6992143,232.9885302,1221.687745
T400,,,,,,
T401,517.7443792,91.90458559,609.6489648,579.1324152,102.8015499,681.9339651
T402,816.8728198,137.1919495,954.0647694,913.7279864,153.4585565,1067.186543
T403,613.6180431,129.0629973,742.6810404,686.3736499,144.3657688,830.7394187
T404,,,,,,
T405,857.4336423,174.687609,1032.121251,959.0980339,195.40001,1154.498044
T406,973.8280557,177.1322302,1150.960286,1089.293127,198.1344857,1287.427613
T407,1130.725069,221.30848,1352.033549,1264.793142,247.5486353,1512.341777
T408,,,,,,
YG001,,,,,,
YG002,,,,,,
YG003,,,,,,
YG004,,,,,,
YG005,,,,,,
YG006,,,,,,
YG007,,,,,,
YG008,,,,,,
YG009,,,,,,
YG010,,,,,,
YG011,,,,,,
YG012,,,,,,
YG013,,,,,,
YG014,,,,,,
YG015,,,,,,
YG016,,,,,,
YG017,2098.764424,372.7939479,2471.558372,2347.611213,416.9954675,2764.60668
YG018,1958.821008,403.8997305,2362.720739,2191.074953,451.7894077,2642.864361
YG019,2605.388691,583.6990334,3189.087724,2914.305023,652.9071962,3567.21222
YG020,602.218419,125.6643333,727.8827524,673.6223927,140.5641312,814.1865239
YG021,1276.86873,271.0149317,1547.883662,1428.264799,303.1486932,1731.413492
YG022,446.778739,102.6512324,549.4299714,499.7525044,114.8224077,614.5749121
YG023,,,,,,
YG024,,,,,,
YG025,,,,,,
YG026,,,,,,
YG027,,,,,,
YG028,,,,,,
YG029,480.57672,96.5172,577.09392,537.5578523,107.9610738,645.5189262
YG030,1381.97248,308.568,1690.54048,1545.830515,345.1543624,1890.984877
YG031,1076.547128,215.114,1291.661128,1204.191418,240.6196868,1444.811105
YG032,,,,,,
YG033,,,,,,
YG034,,,,,,
YG035,,,,,,
YG036,,,,,,
YG037,,,,,,
YG038,,,,,,
YG039,,,,,,
YG040,,,,,,
YG041,,,,,,
YG042,,,,,,
YG043,928.0240879,178.5156553,1106.539743,1038.058264,199.6819411,1237.740205
YG044,1514.312795,316.4302258,1830.743021,1693.862187,353.9487984,2047.810985
YG045,1163.288918,255.5679078,1418.856826,1301.218029,285.8701429,1587.088172
YG046,,,,,,
YG047,,,,,,
YG048,,,,,,
YG049,,,,,,
YG050,,,,,,
YG051,,,,,,
YG052,,,,,,
YG053,,,,,,
YG054,863.8288805,178.5861946,1042.415075,966.2515442,199.760844,1166.012388
YG055,1482.872122,303.7232588,1786.595381,1658.693649,339.7351888,1998.428838
YG056,1313.984687,272.7225,1586.707187,1469.781529,305.0587248,1774.840254
YG057,,,,,,
YG058,,,,,,
YG059,,,,,,
YG060,,,,,,
YG061,,,,,,
YG062,,,,,,
YG063,,,,,,
YG064,,,,,,
YG065,,,,,,
YG066,,,,,,
YG067,,,,,,
YG068,,,,,,
YG069,,,,,,
YG070,1381.473181,258.3222933,1639.795475,1545.272015,288.951111,1834.223126
YG071,2690.873554,573.6035707,3264.477124,3009.925675,641.6147323,3651.540408
YG072,1987.312597,392.3955857,2379.708183,2222.94474,438.9212368,2661.865976
YG073,,,,,,
YG074,,,,,,
YG075,2664.977004,623.0182019,3287.995206,2980.958617,696.888369,3677.846986
YG076,2135.878816,397.9671943,2533.84601,2389.126192,445.1534612,2834.279653
YG077,1802.253304,379.043407,2181.296711,2015.943293,423.9859138,2439.929207
YG078,,,,,,
YG079,,,,,,
YG080,1881.003818,422.644578,2303.648396,2104.031116,472.7567987,2576.787915
YG081,2144.385809,404.5741939,2548.960003,2398.641845,452.5438411,2851.185686
YG082,1108.814636,192.1166454,1300.931282,1240.284828,214.8955765,1455.180405
YG083,,,,,,
YG084,809.4505986,178.6962031,988.1468016,905.4257255,199.883896,1105.309621
YG085,1669.562012,338.8286905,2008.390702,1867.519029,379.0030096,2246.522038
YG086,711.142678,150.815414,861.9580921,795.4616085,168.6973311,964.1589397
YG087,,,,,,
YG088,,,,,,
YG089,,,,,,
YG090,,,,,,
YG091,,,,,,
YG092,,,,,,
YG093,,,,,,
YG094,,,,,,
YG095,,,,,,
YG096,,,,,,
YG097,,,,,,
YG098,,,,,,
YG099,,,,,,
YG100,,,,,,
YG101,,,,,,
YG102,,,,,,
YG103,,,,,,
YG104,,,,,,
YG105,,,,,,
YG106,,,,,,
YG107,,,,,,
YG108,,,,,,
YG109,,,,,,
YG110,,,,,,
YG111,,,,,,
YG112,,,,,,
YG113,,,,,,
YG114,,,,,,
YG115,,,,,,
YG116,,,,,,
YG117,,,,,,
YG118,1466.670391,347.5019006,1814.172291,1640.570907,388.7045868,2029.275494
YG119,,,,,,
YG120,1687.945099,337.3615222,2025.306621,1888.081766,377.3618816,2265.443648
YG121,2577.763104,490.639348,3068.402452,2883.403919,548.8135884,3432.217508
YG122,,,,,,
YG123,2115.094349,451.7852993,2566.879648,2365.877348,505.3526838,2871.230032
YG124,1985.315933,369.5180811,2354.834014,2220.711334,413.3311869,2634.042521
YG125,822.1379017,143.0334358,965.1713375,919.6173397,159.9926575,1079.609997
YG126,,,,,,
YG127,1404.542243,294.2466754,1698.788918,1571.076334,329.1349837,1900.211318
YG128,1535.098452,287.9818484,1823.0803,1717.112362,322.1273472,2039.239709
YG129,1267.394535,246.5125827,1513.907118,1417.667265,275.741144,1693.408409
YG130,,,,,,
YG131,,,,,,
YG132,,,,,,
YG133,,,,,,
YG134,,,,,,
YG135,919.9139477,198.7759014,1118.689849,1028.986519,222.3444087,1251.330927
YG136,839.3570379,185.2458429,1024.602881,938.8781185,207.2101151,1146.088234
YG137,1047.612489,232.1715927,1279.784082,1171.82605,259.6997681,1431.525819
YG138,,,,,,
YG139,,,,,,
YG140,,,,,,
YG141,,,,,,
YG142,,,,,,
YG143,,,,,,
YG144,,,,,,
YG145,,,,,,
YG146,,,,,,
YG147,,,,,,
YG148,,,,,,
YG149,,,,,,
YG150,,,,,,
YG151,,,,,,
YG152,,,,,,
YG153,,,,,,
YG154,,,,,,
YG155,,,,,,
YG156,,,,,,
YG157,,,,,,
YG158,,,,,,
YG159,,,,,,
YG160,,,,,,
YG161,,,,,,
YG162,,,,,,
YG163,,,,,,
YG164,,,,,,
YG165,,,,,,
YG166,,,,,,
YG167,,,,,,
YG168,750.5153615,167.1155419,917.6309034,839.5026415,186.9301364,1026.432778
YG169,822.1821115,174.0825935,996.264705,919.6667914,194.7232589,1114.39005
YG170,680.4154467,143.2418349,823.6572817,761.0911037,160.2257661,921.3168699
YG171,,,,,,
YG172,,,,,,
YG173,,,,,,
YG174,,,,,,
YG175,,,,,,
YG176,,,,,,
YG177,,,,,,
YG178,,,,,,
YG179,,,,,,
YG180,,,,,,
YG181,,,,,,
YG182,,,,,,
YG183,,,,,,
YG184,,,,,,
YG185,,,,,,
YG186,476.9492592,101.429936,578.3791951,533.5002899,113.4563042,646.9565941
YG187,569.2250377,104.8296163,674.054654,636.7170444,117.2590786,753.976123
YG188,354.8107372,76.61086549,431.4216027,396.8800193,85.69448042,482.5744997
YG189,,,,,,
YG190,,,,,,
YG191,,,,,,
YG192,,,,,,
YG193,,,,,,
YG194,,,,,,
YG195,,,,,,
YG196,,,,,,
YG197,,,,,,
YG198,,,,,,
YG199,,,,,,
YG200,,,,,,
YG201,,,,,,
YG202,786.0404766,147.7220028,933.7624794,879.2399067,165.2371396,1044.477046
YG203,601.405485,118.1310652,719.5365502,672.7130705,132.1376568,804.8507273
YG204,1101.476899,195.7210066,1297.197905,1232.077068,218.9273005,1451.004369
YG205,,,,,,
YG206,,,,,,
YG207,,,,,,
YG208,,,,,,
YG209,,,,,,
