sample,Latitude,Longitude,species
KG001,-33.6933,151.14541,acauli
KG002,,,NA
KG003,-33.6933,151.14541,acauli
KG004,-33.6933,151.14541,acauli
KG005,-33.6933,151.14541,acauli
KG006,-33.6933,151.14541,acauli
KG007,-33.6933,151.14541,acauli
KG008,-33.6933,151.14541,acauli
KG009,-33.6933,151.14541,haklae
KG010,-33.6933,151.14541,haklae
KG011,-33.6933,151.14541,haklae
KG012,-33.6933,151.14541,haklae
KG013,-33.6933,151.14541,acasau
KG014,-33.6933,151.14541,acasau
KG015,-33.6933,151.14541,acasau
KG016,-33.6933,151.14541,acasau
KG017,-33.6933,151.14541,grespe
KG018,-33.6933,151.14541,grespe
KG019,-33.6933,151.14541,grespe
KG020,-33.6933,151.14541,grespe
KG021,-33.6933,151.14541,euchae
KG022,-33.6933,151.14541,euchae
KG023,-33.6933,151.14541,euchae
KG023,-33.6933,151.14541,euchae
KG024,-33.6933,151.14541,euchae
KG025,-33.6933,151.14541,perlev
KG026,-33.6933,151.14541,perlev
KG027,-33.6933,151.14541,perlev
KG028,-33.6933,151.14541,perlev
KG029,-33.6933,151.14541,acalon
KG030,-33.6933,151.14541,acalon
KG031,-33.6933,151.14541,acalon
KG032,-33.6933,151.14541,acalon
KG033,-33.6933,151.14541,acauli
KG034,-33.6933,151.14541,acauli
KG035,-33.6933,151.14541,acauli
KG036,-33.6933,151.14541,corgum
KG037,-33.6933,151.14541,corgum
KG038,-33.6933,151.14541,corgum
KG039,-33.6933,151.14541,corgum
KG040,-33.6933,151.14541,acalon
KG041,-33.6933,151.14541,acalon
KG042,-33.6933,151.14541,acalon
KG043,-33.6933,151.14541,acalon
KG044,-33.6933,151.14541,acasau
KG045,-33.6933,151.14541,acasau
KG046,-33.6933,151.14541,acasau
KG047,-33.6933,151.14541,acasau
KG048,-33.6933,151.14541,euchae
KG049,-33.6933,151.14541,euchae
KG050,-33.6933,151.14541,euchae
KG051,-33.6933,151.14541,euchae
KG051,-33.6933,151.14541,euchae
KG052,-33.6933,151.14541,perlev
KG053,-33.6933,151.14541,perlev
KG054,-33.6933,151.14541,perlev
KG055,-33.6933,151.14541,perlev
KG056,-33.6933,151.14541,grespe
KG057,-33.6933,151.14541,grespe
KG058,-33.6933,151.14541,grespe
KG059,-33.6933,151.14541,grespe
KG060,-33.6933,151.14541,haklae
KG061,-33.6933,151.14541,haklae
KG062,-33.6933,151.14541,haklae
KG063,-33.6933,151.14541,haklae
KG064,-33.6933,151.14541,grespe
KG065,-33.6933,151.14541,grespe
KG066,-33.6933,151.14541,grespe
KG067,-33.6933,151.14541,grespe
KG068,-33.6933,151.14541,acasau
KG069,-33.6933,151.14541,acasau
KG070,-33.6933,151.14541,acasau
KG071,-33.6933,151.14541,acasau
KG072,-33.6933,151.14541,haklae
KG073,-33.6933,151.14541,haklae
KG074,-33.6933,151.14541,haklae
KG075,-33.6933,151.14541,haklae
KG076,-33.6933,151.14541,corgum
KG077,-33.6933,151.14541,corgum
KG078,-33.6933,151.14541,corgum
KG079,-33.6933,151.14541,corgum
KG080,-33.6933,151.14541,euchae
KG081,-33.6933,151.14541,euchae
KG082,-33.6933,151.14541,euchae
KG083,-33.6933,151.14541,euchae
KG084,-33.6933,151.14541,perlev
KG085,-33.6933,151.14541,perlev
KG086,-33.6933,151.14541,perlev
KG087,-33.6933,151.14541,perlev
KG088,-33.6933,151.14541,acalon
KG089,-33.6933,151.14541,acalon
KG090,-33.6933,151.14541,acalon
KG091,-33.6933,151.14541,acalon
KG092,-33.67856,151.14825,xylpyr
KG093,-33.67856,151.14825,xylpyr
KG094,-33.67856,151.14825,xylpyr
KG095,-33.67856,151.14825,xylpyr
KG096,-33.67856,151.14825,greser
KG097,-33.67856,151.14825,greser
KG098,-33.67856,151.14825,greser
KG099,-33.67856,151.14825,greser
KG100,-33.67856,151.14825,angcos
KG101,-33.67856,151.14825,angcos
KG102,-33.67856,151.14825,angcos
KG103,-33.67856,151.14825,angcos
KG104,-33.68188,151.14428,eucobl
KG105,-33.68188,151.14428,eucobl
KG106,-33.68188,151.14428,eucobl
KG107,-33.68188,151.14428,eucobl
KG108,-33.67856,151.14825,xylpyr
KG109,-33.67856,151.14825,xylpyr
KG110,-33.67856,151.14825,xylpyr
KG111,-33.67856,151.14825,xylpyr
KG112,-33.67856,151.14825,greser
KG113,-33.67856,151.14825,greser
KG114,-33.67856,151.14825,greser
KG115,-33.67856,151.14825,greser
KG116,-33.68188,151.14428,eucobl
KG117,-33.68188,151.14428,eucobl
KG118,-33.68188,151.14428,eucobl
KG119,-33.68188,151.14428,eucobl
KG120,-33.67856,151.14825,angcos
KG121,-33.67856,151.14825,angcos
KG122,-33.67856,151.14825,angcos
KG123,-33.67856,151.14825,angcos
KG124,-33.67856,151.14825,greser
KG125,-33.67856,151.14825,greser
KG126,-33.67856,151.14825,greser
KG127,-33.67856,151.14825,greser
KG128,-33.67856,151.14825,xylpyr
KG129,-33.67856,151.14825,xylpyr
KG130,-33.67856,151.14825,xylpyr
KG131,-33.67856,151.14825,xylpyr
KG132,-33.67856,151.14825,angcos
KG133,-33.67856,151.14825,angcos
KG134,-33.67856,151.14825,angcos
KG135,-33.67856,151.14825,angcos
KG136,-33.68188,151.14428,eucobl
KG137,-33.68188,151.14428,eucobl
KG138,-33.68188,151.14428,eucobl
KG139,-33.68188,151.14428,eucobl
KG140,-33.68188,151.14428,corgum
KG141,-33.68188,151.14428,corgum
KG142,-33.68188,151.14428,corgum
KG143,-33.68188,151.14428,corgum
KG144,-33.68188,151.14428,eucobl
QL001,-17.37895,145.76094,athdiv
QL002,-17.37895,145.76094,athdiv
QL003,-17.37895,145.76094,athdiv
QL004,-17.37895,145.76094,athdiv
QL005,-17.37878,145.7617,athdiv
QL006,-17.37878,145.7617,athdiv
QL007,-17.37878,145.7617,athdiv
QL008,-17.37878,145.7617,athdiv
QL009,-17.37655,145.75883,athdiv
QL010,-17.37655,145.75883,athdiv
QL011,-17.37655,145.75883,athdiv
QL012,-17.37655,145.75883,athdiv
QL013,-17.37886,145.76225,opihet
QL014,-17.37886,145.76225,opihet
QL015,-17.37886,145.76225,opihet
QL016,-17.37886,145.76225,opihet
QL017,-17.37886,145.76225,opihet
QL018,-17.37886,145.76225,opihet
QL019,-17.37886,145.76225,opihet
QL020,-17.37886,145.76225,opihet
QL021,-17.37886,145.76225,opihet
QL022,-17.36688,145.75258,darfer
QL023,-17.36688,145.75258,darfer
QL024,-17.36688,145.75258,darfer
QL025,-17.36688,145.75258,darfer
QL026,-17.36688,145.75258,darfer
QL027,-17.36688,145.75258,darfer
QL028,-17.36688,145.75258,darfer
QL029,-17.36688,145.75258,darfer
QL030,-17.36688,145.75258,darfer
QL031,-17.36688,145.75258,darfer
QL032,-17.36688,145.75258,darfer
QL033,-17.36688,145.75258,darfer
QL034,-17.36688,145.75258,carsub
QL035,-17.36688,145.75258,carsub
QL036,-17.36688,145.75258,carsub
QL037,-17.36688,145.75258,carsub
QL038,-17.36688,145.75258,carsub
QL039,-17.36688,145.75258,carsub
QL040,-17.36688,145.75258,carsub
QL041,-17.36688,145.75258,carsub
QL042,-17.36688,145.75258,carsub
QL043,-17.36688,145.75258,carsub
QL044,-17.36688,145.75258,carsub
QL045,-17.36688,145.75258,carsub
QL046,-17.37241,145.74322,acacel
QL047,-17.37241,145.74322,acacel
QL048,-17.37241,145.74322,acacel
QL049,-17.37241,145.74322,acacel
QL050,-17.37241,145.74322,acacel
QL051,-17.37241,145.74322,acacel
QL052,-17.37241,145.74322,acacel
QL053,-17.37241,145.74322,acacel
QL054,-17.36894,145.74353,acacel
QL055,-17.36894,145.74353,acacel
QL056,-17.36894,145.74353,acacel
QL057,-17.36894,145.74353,acacel
QL058,-17.96665,145.96806,grehil
QL059,-17.96665,145.96806,grehil
QL060,-17.96665,145.96806,grehil
QL061,-17.96665,145.96806,grehil
QL062,-17.96665,145.96806,grehil
QL063,-17.96665,145.96806,grehil
QL064,-17.96665,145.96806,grehil
QL065,-17.96665,145.96806,grehil
QL066,-17.96665,145.96806,grehil
QL067,-17.96665,145.96806,grehil
QL068,-17.96665,145.96806,grehil
QL069,-17.96665,145.96806,grehil
QL070,-17.96665,145.96806,acaman
QL071,-17.96665,145.96806,acaman
QL072,-17.96665,145.96806,acaman
QL073,-17.96665,145.96806,acaman
QL074,-17.96665,145.96806,acaman
QL075,-17.96665,145.96806,acaman
QL076,-17.96665,145.96806,acaman
QL077,-17.96665,145.96806,acaman
QL078,-17.96665,145.96806,acaman
QL079,-17.96665,145.96806,acaman
QL080,-17.96665,145.96806,acaman
QL081,-17.96665,145.96806,acaman
QL082,-18.43758,146.13636,grepte
QL083,-18.43758,146.13636,grepte
QL084,-18.43758,146.13636,grepte
QL085,-18.43758,146.13636,grepte
QL085,-18.43758,146.13636,grepte
QL086,-18.43758,146.13636,grepte
QL087,-18.43758,146.13636,grepte
QL088,-18.43758,146.13636,grepte
QL089,-18.43758,146.13636,grepte
QL089,-18.43758,146.13636,grepte
QL090,-18.43758,146.13636,grepte
QL091,-18.43758,146.13636,grepte
QL092,-18.43758,146.13636,grepte
QL093,-18.43758,146.13636,grepte
QL093,-18.43758,146.13636,grepte
QL094,-18.43758,146.13636,grepar
QL095,-18.43758,146.13636,grepar
QL096,-18.43758,146.13636,grepar
QL097,-18.43758,146.13636,grepar
QL098,-18.43758,146.13636,grepar
QL099,-18.43758,146.13636,grepar
QL100,-18.43758,146.13636,grepar
QL101,-18.43758,146.13636,grepar
QL102,-18.43758,146.13636,grepar
QL103,-18.43758,146.13636,grepar
QL104,-18.43758,146.13636,grepar
QL105,-18.43758,146.13636,grepar
QL106,-18.43758,146.13636,corint
QL107,-18.43758,146.13636,corint
QL108,-18.43758,146.13636,corint
QL109,-18.43758,146.13636,corint
QL110,-18.43758,146.13636,corint
QL111,-18.43758,146.13636,corint
QL112,-18.43758,146.13636,corint
QL113,-18.43758,146.13636,corint
QL114,-18.43758,146.13636,corint
QL115,-18.43758,146.13636,corint
QL116,-18.43758,146.13636,corint
QL117,-18.43758,146.13636,corint
QL118,-18.43758,146.13636,acafla
QL119,-18.43758,146.13636,acafla
QL120,-18.43758,146.13636,acafla
QL121,-18.43758,146.13636,acafla
QL122,-18.43758,146.13636,acafla
QL123,-18.43758,146.13636,acafla
QL124,-18.43758,146.13636,acafla
QL125,-18.43758,146.13636,acafla
QL126,-18.43758,146.13636,acafla
QL127,-18.43758,146.13636,acafla
QL128,-18.43758,146.13636,acafla
QL129,-18.43758,146.13636,acafla
QL130,-18.43758,146.13636,eucpla
QL131,-18.43758,146.13636,eucpla
QL132,-18.43758,146.13636,eucpla
QL133,-18.43758,146.13636,eucpla
QL134,-18.43758,146.13636,eucpla
QL135,-18.43758,146.13636,eucpla
QL136,-18.43758,146.13636,eucpla
QL137,-18.43758,146.13636,eucpla
QL138,-18.43758,146.13636,eucpla
QL139,-18.37945,146.07626,cortes
QL140,-18.37945,146.07626,cortes
QL141,-18.37945,146.07626,cortes
QL142,-18.37945,146.07626,cortes
QL143,-18.37945,146.07626,cortes
QL144,-18.37945,146.07626,cortes
QL145,-18.37945,146.07626,cortes
QL146,-18.37945,146.07626,cortes
QL147,-18.37945,146.07626,cortes
QL148,-18.37945,146.07626,eucfib
QL149,-18.37945,146.07626,eucfib
QL150,-18.37945,146.07626,eucfib
QL151,-18.37945,146.07626,eucfib
QL152,-18.37945,146.07626,eucfib
QL153,-18.37945,146.07626,eucfib
QL154,-18.37945,146.07626,eucfib
QL155,-18.37945,146.07626,eucfib
QL156,-18.37945,146.07626,eucfib
QL156,-18.37945,146.07626,eucfib
QL157,-17.91588,146.06968,grebai
QL158,-17.91588,146.06968,grebai
QL159,-17.91588,146.06968,grebai
QL160,-17.91588,146.06968,grebai
QL161,-17.91588,146.06968,grebai
QL162,-17.91588,146.06968,grebai
QL163,-17.91588,146.06968,grebai
QL164,-17.91588,146.06968,grebai
QL165,-17.91588,146.06968,grebai
QL166,-17.92181,146.01045,banaqu
QL167,-17.92181,146.01045,banaqu
QL168,-17.92181,146.01045,banaqu
QL169,-17.92181,146.01045,banaqu
QL170,-17.92181,146.01045,corcla
QL171,-17.92181,146.01045,corcla
QL172,-17.92181,146.01045,corcla
QL173,-17.92181,146.01045,corcla
QL174,-17.92181,146.01045,corcla
QL175,-17.92181,146.01045,corcla
QL176,-17.92181,146.01045,banaqu
QL177,-17.92181,146.01045,banaqu
QL178,-17.92181,146.01045,banaqu
QL179,-17.92181,146.01045,banaqu
QL180,-17.92181,146.01045,banaqu
QL181,-17.92181,146.01045,banaqu
QL182,-17.92181,146.01045,banaqu
QL183,-17.92181,146.01045,banaqu
QL184,-17.92181,146.01045,corcla
QL185,-17.92181,146.01045,corcla
QL186,-17.92181,146.01045,corcla
QL187,-17.92285,146.06817,acacra
QL188,-17.92285,146.06817,acacra
QL189,-17.92285,146.06817,acacra
QL190,-17.92285,146.06817,acacra
QL191,-17.92285,146.06817,acacra
QL192,-17.92285,146.06817,acacra
QL193,-17.92285,146.06817,acacra
QL194,-17.92285,146.06817,acacra
QL195,-17.92285,146.06817,acacra
QL196,-17.92285,146.06817,acacra
QL197,-17.92285,146.06817,acacra
QL198,-17.92285,146.06817,acacra
QL199,-18.21239,145.54145,grepte
QL200,-18.21239,145.54145,grepte
QL201,-18.21239,145.54145,grepte
QL202,-18.21239,145.54145,grepte
QL203,-18.21239,145.54145,grepte
QL204,-18.21239,145.54145,grepte
QL205,-18.21239,145.54145,grepte
QL206,-18.21239,145.54145,grepte
QL207,-18.21239,145.54145,grepte
QL208,-18.229,145.53618,acajul
QL209,-18.229,145.53618,acajul
QL210,-18.229,145.53618,acajul
QL211,-18.229,145.53618,acajul
QL212,-18.229,145.53618,acajul
QL213,-18.229,145.53618,acajul
QL214,-18.229,145.53618,acajul
QL215,-18.229,145.53618,acajul
QL216,-18.229,145.53618,acajul
QL217,-18.229,145.53618,acajul
QL218,-18.229,145.53618,acajul
QL219,-18.229,145.53618,acajul
QL220,-18.23223,145.53238,eucatr
QL221,-18.23223,145.53238,eucatr
QL222,-18.23223,145.53238,eucatr
QL223,-18.22401,145.52532,eucter
QL224,-18.22401,145.52532,eucter
QL225,-18.22401,145.52532,eucter
QL226,-18.22401,145.52532,eucter
QL227,-18.22401,145.52532,eucter
QL228,-18.22401,145.52532,eucter
QL229,-18.22401,145.52532,eucter
QL230,-18.22401,145.52532,eucter
QL231,-18.22401,145.52532,eucter
QL232,-18.22401,145.52532,eucter
QL233,-18.22401,145.52532,eucter
QL234,-18.22401,145.52532,eucter
QL235,-18.23223,145.53238,eucatr
QL236,-18.23223,145.53238,eucatr
QL237,-18.23223,145.53238,eucatr
QL238,-18.23223,145.53238,eucatr
QL239,-18.23223,145.53238,eucatr
QL240,-18.23223,145.53238,eucatr
QL241,-18.23223,145.53238,eucatr
QL242,-18.23223,145.53238,eucatr
QL243,-18.23223,145.53238,eucatr
QL244,-18.21169,145.52417,perfal
QL245,-18.21169,145.52417,perfal
QL246,-18.21169,145.52417,perfal
QL247,-18.21169,145.52417,perfal
QL248,-18.21169,145.52417,perfal
QL249,-18.21169,145.52417,perfal
QL250,-18.21169,145.52417,perfal
QL251,-18.21169,145.52417,perfal
QL252,-18.21169,145.52417,perfal
QL253,-18.21169,145.52417,perfal
QL254,-18.21169,145.52417,perfal
QL255,-18.21169,145.52417,perfal
QL256,-18.32728,145.45414,acahol
QL257,-18.32728,145.45414,acahol
QL258,-18.32728,145.45414,acahol
QL259,-18.32728,145.45414,acahol
QL260,-18.31625,145.46642,acahol
QL261,-18.31625,145.46642,acahol
QL262,-18.31625,145.46642,acahol
QL263,-18.31625,145.46642,acahol
QL264,-18.31625,145.46642,acahol
QL265,-18.31625,145.46642,acahol
QL266,-18.31625,145.46642,acahol
QL267,-18.31625,145.46642,acahol
QL268,-18.32071,145.41898,gregla
QL269,-18.32071,145.41898,gregla
QL270,-18.32071,145.41898,gregla
QL271,-18.32071,145.41898,gregla
QL272,-18.32071,145.41898,gregla
QL273,-18.32071,145.41898,gregla
QL274,-18.32071,145.41898,gregla
QL275,-18.32071,145.41898,gregla
QL276,-18.32071,145.41898,gregla
QL277,-18.32071,145.41898,gregla
QL278,-18.32071,145.41898,gregla
QL279,-18.32071,145.41898,gregla
QL280,-18.29731,145.48898,xylsco
QL281,-18.29731,145.48898,xylsco
QL282,-18.29731,145.48898,xylsco
QL283,-18.29731,145.48898,xylsco
QL284,-18.29731,145.48898,xylsco
QL285,-18.29731,145.48898,xylsco
QL286,-18.29731,145.48898,xylsco
QL287,-18.29731,145.48898,xylsco
QL288,-18.29731,145.48898,xylsco
QL289,-18.29787,145.48911,gregla
QL290,-18.29787,145.48911,gregla
QL291,-18.29787,145.48911,gregla
QL292,-18.29787,145.48911,gregla
QL293,-18.29787,145.48911,gregla
QL294,-18.29787,145.48911,gregla
QL295,-18.29787,145.48911,gregla
QL296,-18.29787,145.48911,gregla
QL297,-18.29787,145.48911,gregla
QL298,-18.29787,145.48911,gregla
QL299,-18.29787,145.48911,gregla
QL300,-18.29787,145.48911,gregla
QL301,-18.29734,145.48915,eucmed
QL302,-18.29734,145.48915,eucmed
QL303,-18.29734,145.48915,eucmed
QL304,-18.29734,145.48915,eucmed
QL305,-18.29734,145.48915,eucmed
QL306,-18.29734,145.48915,eucmed
QL307,-18.29734,145.48915,eucmed
QL308,-18.29734,145.48915,eucmed
QL309,-18.29734,145.48915,eucmed
QL310,-18.29734,145.48915,eucmed
QL311,-18.29734,145.48915,eucmed
QL312,-18.29734,145.48915,eucmed
QL313,-18.29734,145.48915,corcit
QL314,-18.29734,145.48915,corcit
QL315,-18.29734,145.48915,corcit
QL316,-18.29734,145.48915,corcit
QL317,-18.29734,145.48915,corcit
QL318,-18.29734,145.48915,corcit
QL319,-18.29734,145.48915,corcit
QL320,-18.29734,145.48915,corcit
QL321,-18.29734,145.48915,corcit
QL322,-18.15871,142.21484,eucdis
QL323,-18.15871,142.21484,eucdis
QL324,-18.15871,142.21484,eucdis
QL325,-18.15871,142.21484,eucdis
QL326,-18.15871,142.21484,eucdis
QL327,-18.15871,142.21484,eucdis
QL328,-18.15871,142.21484,eucdis
QL329,-18.15871,142.21484,eucdis
QL330,-18.15871,142.21484,eucdis
QL331,-18.15871,142.21484,eucdis
QL332,-18.15871,142.21484,eucdis
QL333,-18.15871,142.21484,eucdis
QL334,-18.16105,142.21069,gremim
QL335,-18.16105,142.21069,gremim
QL336,-18.16105,142.21069,gremim
QL337,-18.16105,142.21069,gremim
QL338,-18.16105,142.21069,gremim
QL339,-18.16105,142.21069,gremim
QL340,-18.16105,142.21069,gremim
QL341,-18.16105,142.21069,gremim
QL342,-18.16105,142.21069,gremim
QL343,-18.16105,142.21069,gremim
QL344,-18.16105,142.21069,gremim
QL345,-18.16105,142.21069,gremim
QL346,-18.21837,142.27066,grepar
QL347,-18.21837,142.27066,grepar
QL348,-18.21837,142.27066,grepar
QL349,-18.21837,142.27066,grepar
QL350,-18.21837,142.27066,grepar
QL351,-18.21837,142.27066,grepar
QL352,-18.21837,142.27066,grepar
QL353,-18.21837,142.27066,grepar
QL354,-18.21837,142.27066,grepar
QL355,-18.21837,142.27066,grepar
QL356,-18.21837,142.27066,grepar
QL357,-18.21837,142.27066,grepar
QL358,-18.21837,142.27066,grestr
QL359,-18.21837,142.27066,grestr
QL360,-18.21837,142.27066,grestr
QL361,-18.21837,142.27066,grestr
QL362,-18.21837,142.27066,grestr
QL363,-18.21837,142.27066,grestr
QL364,-18.21837,142.27066,grestr
QL365,-18.21837,142.27066,grestr
QL366,-18.21837,142.27066,grestr
QL367,-18.21837,142.27066,grestr
QL368,-18.21837,142.27066,grestr
QL369,-18.21837,142.27066,grestr
QL370,-18.21837,142.27066,acashi
QL371,-18.21837,142.27066,acashi
QL372,-18.21837,142.27066,acashi
QL373,-18.21837,142.27066,acashi
QL374,-18.21837,142.27066,acashi
QL375,-18.21837,142.27066,acashi
QL376,-18.21837,142.27066,acashi
QL377,-18.21837,142.27066,acashi
QL378,-18.21837,142.27066,acashi
QL379,-18.21837,142.27066,acashi
QL380,-18.21837,142.27066,acashi
QL381,-18.21837,142.27066,acashi
QL382,-18.16105,142.21069,acacol
QL383,-18.16105,142.21069,acacol
QL384,-18.16105,142.21069,acacol
QL385,-18.18903,142.26241,corpoc
QL386,-18.18903,142.26241,corpoc
QL387,-18.18903,142.26241,corpoc
QL388,-18.16105,142.21069,acacol
QL389,-18.16105,142.21069,acacol
QL390,-18.16105,142.21069,acacol
QL391,-18.16105,142.21069,acacol
QL392,-18.16105,142.21069,acacol
QL393,-18.16105,142.21069,acacol
QL394,-18.16105,142.21069,acacol
QL395,-18.16105,142.21069,acacol
QL396,-18.16105,142.21069,acacol
QL397,-18.18903,142.26241,corpoc
QL398,-18.18903,142.26241,corpoc
QL399,-18.18903,142.26241,corpoc
QL400,-18.18903,142.26241,corpoc
QL401,-18.18903,142.26241,corpoc
QL402,-18.18903,142.26241,corpoc
QL403,-18.18903,142.26241,corpoc
QL404,-18.18903,142.26241,corpoc
QL405,-18.18903,142.26241,corpoc
QL405,-18.18903,142.26241,corpoc
QL406,-19.04745,138.8575,eucpru
QL407,-19.04745,138.8575,eucpru
QL408,-19.04745,138.8575,eucpru
QL409,-19.04745,138.8575,eucpru
QL410,-19.04745,138.8575,eucpru
QL411,-19.04745,138.8575,eucpru
QL412,-19.04745,138.8575,eucpru
QL413,-19.04745,138.8575,eucpru
QL414,-19.04745,138.8575,eucpru
QL415,-19.04745,138.8575,eucpru
QL416,-19.04745,138.8575,eucpru
QL417,-19.04745,138.8575,eucpru
QL418,-19.04745,138.8575,acahem
QL419,-19.04745,138.8575,acahem
QL420,-19.04745,138.8575,acahem
QL421,-19.04745,138.8575,acahem
QL422,-19.04745,138.8575,acahem
QL423,-19.04745,138.8575,acahem
QL424,-19.04745,138.8575,acahem
QL425,-19.04745,138.8575,acahem
QL426,-19.04745,138.8575,acahem
QL427,-19.04745,138.8575,acahem
QL427,-19.04745,138.8575,acahem
QL428,-19.04745,138.8575,acahem
QL429,-19.04745,138.8575,acahem
QL430,-19.04745,138.8575,hakcho
QL431,-19.04745,138.8575,hakcho
QL432,-19.04745,138.8575,hakcho
QL433,-19.04745,138.8575,hakcho
QL434,-19.04745,138.8575,hakcho
QL435,-19.04745,138.8575,hakcho
QL436,-19.04745,138.8575,hakcho
QL437,-19.04745,138.8575,hakcho
QL438,-19.04745,138.8575,hakcho
QL439,-19.04745,138.8575,hakcho
QL440,-19.04745,138.8575,hakcho
QL441,-19.04745,138.8575,hakcho
QL442,-18.71986,138.52217,hakarb
QL443,-18.71986,138.52217,hakarb
QL444,-18.71986,138.52217,hakarb
QL445,-18.71986,138.52217,corter
QL446,-18.71986,138.52217,corter
QL447,-18.71986,138.52217,corter
QL448,-18.71986,138.52217,corter
QL449,-18.71986,138.52217,corter
QL450,-18.71986,138.52217,corter
QL451,-18.71986,138.52217,corter
QL452,-18.71986,138.52217,corter
QL453,-18.71986,138.52217,corter
QL454,-18.71986,138.52217,corter
QL455,-18.71986,138.52217,corter
QL456,-18.71986,138.52217,corter
QL457,-18.71986,138.52217,hakarb
QL458,-18.71986,138.52217,hakarb
QL459,-18.71986,138.52217,hakarb
QL460,-18.71986,138.52217,hakarb
QL461,-18.71986,138.52217,hakarb
QL462,-18.71986,138.52217,hakarb
QL463,-18.71986,138.52217,hakarb
QL464,-18.71986,138.52217,hakarb
QL465,-18.71986,138.52217,hakarb
RH001,-32.96407,146.16016,eucdum
RH002,-32.96407,146.16016,eucdum
RH003,-32.96407,146.16016,eucdum
RH004,-32.96407,146.16016,eucdum
RH005,-32.96407,146.16016,eucdum
RH006,-32.96407,146.16016,eucdum
RH007,-32.96407,146.16016,eucdum
RH008,-32.96407,146.16016,eucdum
RH009,-32.96407,146.16016,eucdum
RH009,-32.96407,146.16016,eucdum
RH010,-32.96407,146.16016,eucdum
RH011,-32.96407,146.16016,eucdum
RH012,-32.96407,146.16016,eucdum
RH013,-32.96394,146.16149,acaane
RH014,-32.96394,146.16149,acaane
RH015,-32.96394,146.16149,acaane
RH016,-32.96394,146.16149,acaane
RH017,-32.96394,146.16149,acaane
RH018,-32.96394,146.16149,acaane
RH019,-32.96394,146.16149,acaane
RH020,-32.96394,146.16149,acaane
RH021,-32.96394,146.16149,acaane
RH022,-32.96381,146.16138,haktep
RH023,-32.96381,146.16138,haktep
RH024,-32.96381,146.16138,haktep
RH025,-32.96381,146.16138,haktep
RH026,-32.96381,146.16138,haktep
RH027,-32.96381,146.16138,haktep
RH028,-32.96381,146.16138,haktep
RH029,-32.96381,146.16138,haktep
RH030,-32.96381,146.16138,haktep
RH031,-32.96407,146.16016,aca_sp
RH032,,,NA
RH033,,,NA
RH034,-32.96407,146.16016,aca_sp
RH035,-32.96407,146.16016,aca_sp
RH036,-32.96407,146.16016,aca_sp
RH037,-32.96407,146.16016,aca_sp
RH038,-32.96407,146.16016,aca_sp
RH039,-32.96407,146.16016,aca_sp
RH040,-32.96407,146.16016,aca_sp
RH041,-32.96407,146.16016,aca_sp
RH042,-33.00208,146.16899,greane
RH043,-33.00208,146.16899,greane
RH044,-33.00208,146.16899,greane
RH045,-33.00208,146.16899,greane
RH046,-33.00208,146.16899,greane
RH047,-33.00208,146.16899,greane
RH048,-33.00208,146.16899,greane
RH049,-33.00208,146.16899,greane
RH050,-33.00208,146.16899,greane
RH051,-33.00208,146.16899,greane
RH052,-33.00208,146.16899,greane
RH053,-33.00208,146.16899,greane
RH054,-33.03783,146.20221,eucsoc
RH055,-33.03783,146.20221,eucsoc
RH056,-33.03783,146.20221,eucsoc
RH057,-33.03783,146.20221,eucsoc
RH058,-33.03783,146.20221,eucsoc
RH059,-33.03783,146.20221,eucsoc
RH060,-33.03783,146.20221,eucsoc
RH061,-33.03783,146.20221,eucsoc
RH062,-33.03783,146.20221,eucsoc
RH063,-33.03783,146.20221,eucsoc
RH064,-33.03783,146.20221,eucsoc
RH064,-33.03783,146.20221,eucsoc
RH065,-33.03783,146.20221,eucsoc
RH066,-33.03783,146.20221,greill
RH067,-33.03783,146.20221,greill
RH068,-33.03783,146.20221,greill
RH069,-33.03783,146.20221,greill
RH070,-33.03783,146.20221,greill
RH071,-33.03783,146.20221,greill
RH072,-33.03783,146.20221,greill
RH073,-33.03783,146.20221,greill
RH074,-33.03783,146.20221,greill
RH075,-30.81876,141.7987,hakleu
RH076,-30.81876,141.7987,hakleu
RH077,-30.81876,141.7987,hakleu
RH078,-30.81876,141.7987,hakleu
RH079,-30.81876,141.7987,hakleu
RH080,-30.81876,141.7987,hakleu
RH081,-30.81876,141.7987,hakleu
RH082,-30.81876,141.7987,hakleu
RH083,-30.81876,141.7987,hakleu
RH084,-30.7094,141.87689,acaosw
RH085,-30.7094,141.87689,acaosw
RH086,-30.7094,141.87689,acaosw
RH087,-30.7094,141.87689,acaosw
RH088,-30.7094,141.87689,acaosw
RH089,-30.7094,141.87689,acaosw
RH090,-30.7094,141.87689,acaosw
RH091,-30.7094,141.87689,acaosw
RH092,-30.7094,141.87689,acaosw
RH093,-30.7094,141.87689,acaosw
RH094,-30.7094,141.87689,acaosw
RH095,-30.7094,141.87689,acaosw
RH096,-31.0831,141.71401,eucgil
RH096,-31.0831,141.71401,eucgil
RH097,-31.0831,141.71401,eucgil
RH098,-31.0831,141.71401,eucgil
RH099,-31.0831,141.71401,eucgil
RH100,-31.0831,141.71401,eucgil
RH101,-31.0831,141.71401,eucgil
RH102,-31.0831,141.71401,eucgil
RH103,-31.0831,141.71401,eucgil
RH104,-31.0831,141.71401,eucgil
RH105,-31.29606,142.27874,grestr
RH106,-31.29606,142.27874,grestr
RH107,-31.29606,142.27874,grestr
RH108,-31.29606,142.27874,grestr
RH109,-31.29606,142.27874,grestr
RH110,-31.29606,142.27874,grestr
RH111,-31.29606,142.27874,grestr
RH112,-31.29606,142.27874,grestr
RH113,-31.29606,142.27874,grestr
RH114,-31.29606,142.27874,grestr
RH115,-31.29606,142.27874,grestr
RH116,-31.29606,142.27874,grestr
RH117,-31.29462,142.25054,euccam
RH118,-31.29462,142.25054,euccam
RH119,-31.29462,142.25054,euccam
RH119,-31.29462,142.25054,euccam
RH120,-31.29462,142.25054,euccam
RH121,-31.29462,142.25054,euccam
RH122,-31.29462,142.25054,euccam
RH123,-31.29462,142.25054,euccam
RH124,-31.29462,142.25054,euccam
RH125,-31.29462,142.25054,euccam
T001,-42.91482,147.24619,haklis
T002,-42.91482,147.24619,haklis
T003,-42.91482,147.24619,haklis
T004,-42.91482,147.24619,haklis
T005,-42.91482,147.24619,haklis
T006,-42.91482,147.24619,haklis
T007,-42.91482,147.24619,haklis
T008,-42.91482,147.24619,haklis
T009,-42.91482,147.24619,haklis
T010,-42.91482,147.24619,haklis
T011,-42.91482,147.24619,haklis
T012,-42.91482,147.24619,haklis
T013,-42.89145,147.22834,euccoc
T014,-42.89145,147.22834,euccoc
T015,-42.89145,147.22834,euccoc
T016,-42.89145,147.22834,euccoc
T017,-42.89145,147.22834,euccoc
T018,-42.89145,147.22834,euccoc
T019,-42.89145,147.22834,euccoc
T020,-42.89145,147.22834,euccoc
T021,-42.89145,147.22834,euccoc
T022,-42.89145,147.22834,euccoc
T023,-42.89145,147.22834,euccoc
T024,-42.89145,147.22834,euccoc
T025,-42.89581,147.23627,oriaci
T026,-42.89581,147.23627,oriaci
T027,-42.89581,147.23627,oriaci
T028,-42.89581,147.23627,oriaci
T029,-42.89581,147.23627,oriaci
T030,-42.89581,147.23627,oriaci
T031,-42.89581,147.23627,oriaci
T032,-42.89581,147.23627,oriaci
T033,-42.89581,147.23627,oriaci
T034,-42.89581,147.23627,oriaci
T035,-42.89581,147.23627,oriaci
T036,-42.89581,147.23627,oriaci
T037,-42.89581,147.23627,orirev
T038,-42.89581,147.23627,orirev
T039,-42.89581,147.23627,orirev
T040,-42.89581,147.23627,orirev
T041,-42.89581,147.23627,orirev
T042,-42.89581,147.23627,orirev
T043,-42.89581,147.23627,orirev
T044,-42.89581,147.23627,orirev
T045,-42.89581,147.23627,orirev
T046,-42.89581,147.23627,orirev
T047,-42.89581,147.23627,orirev
T048,-42.89581,147.23627,orirev
T049,-42.91482,147.24619,eucdel
T050,-42.91482,147.24619,eucdel
T051,-42.91482,147.24619,eucdel
T052,-42.91482,147.24619,eucdel
T053,-42.91482,147.24619,eucdel
T054,-42.91482,147.24619,eucdel
T055,-42.91482,147.24619,eucdel
T056,-42.91482,147.24619,eucdel
T057,-42.91482,147.24619,eucdel
T058,-42.91482,147.24619,eucdel
T059,-42.91482,147.24619,eucdel
T060,-42.91482,147.24619,eucdel
T061,-42.91482,147.24619,acadea
T062,-42.91482,147.24619,acadea
T063,-42.91482,147.24619,acadea
T064,-42.91482,147.24619,acadea
T065,-42.91482,147.24619,acadea
T066,-42.91482,147.24619,acadea
T067,-42.91482,147.24619,acadea
T068,-42.91482,147.24619,acadea
T069,-42.91482,147.24619,acadea
T070,-42.88986,147.23655,banmar
T071,-42.88986,147.23655,banmar
T072,-42.88986,147.23655,banmar
T073,-42.88986,147.23655,banmar
T074,-42.88986,147.23655,banmar
T075,-42.88986,147.23655,banmar
T076,-42.88986,147.23655,banmar
T077,-42.88986,147.23655,banmar
T078,-42.88986,147.23655,banmar
T079,-42.88986,147.23655,banmar
T080,-42.88986,147.23655,banmar
T081,-42.88986,147.23655,banmar
T082,-42.91482,147.24619,acaric
T083,-42.91482,147.24619,acaric
T084,-42.91482,147.24619,acaric
T085,-42.91482,147.24619,acaric
T086,-42.91482,147.24619,acaric
T087,-42.91482,147.24619,acaric
T088,-42.91482,147.24619,acaric
T089,-42.91482,147.24619,acaric
T090,-42.91482,147.24619,acaric
T091,-42.88515,147.22187,teltru
T092,-42.88515,147.22187,teltru
T093,-42.88515,147.22187,teltru
T094,-42.88515,147.22187,teltru
T095,-42.88515,147.22187,teltru
T096,-42.88515,147.22187,teltru
T097,-42.88515,147.22187,teltru
T098,-42.88515,147.22187,teltru
T099,-42.88596,147.22224,teltru
T100,-42.88596,147.22224,teltru
T101,-42.88596,147.22224,teltru
T102,-42.88596,147.22224,teltru
T103,-42.88596,147.22224,lompol
T104,-42.88596,147.22224,lompol
T105,-42.88596,147.22224,lompol
T106,-42.88596,147.22224,lompol
T107,-42.88596,147.22224,lompol
T108,-42.88596,147.22224,lompol
T109,-42.88596,147.22224,lompol
T110,-42.88596,147.22224,lompol
T111,-42.88596,147.22224,lompol
T112,-42.88596,147.22224,lompol
T113,-42.88596,147.22224,lompol
T114,-42.88596,147.22224,lompol
T115,-42.88596,147.22224,oridiv
T116,-42.88596,147.22224,oridiv
T117,-42.88596,147.22224,oridiv
T118,-42.88596,147.22224,oridiv
T119,-42.88596,147.22224,oridiv
T120,-42.88596,147.22224,oridiv
T121,-42.88596,147.22224,oridiv
T122,-42.88596,147.22224,oridiv
T123,-42.88596,147.22224,oridiv
T124,-42.88596,147.22224,oridiv
T125,-42.88596,147.22224,oridiv
T126,-42.88596,147.22224,oridiv
T127,-42.77492,146.39731,acamel
T128,-42.77492,146.39731,acamel
T129,-42.77492,146.39731,acamel
T130,-42.77492,146.39731,acamel
T131,-42.77492,146.39731,acamel
T132,-42.77492,146.39731,acamel
T133,-42.77492,146.39731,acamel
T134,-42.77492,146.39731,acamel
T135,-42.77492,146.39731,acamel
T136,-42.75833,146.40609,acamuc
T137,-42.75833,146.40609,acamuc
T138,-42.75833,146.40609,acamuc
T139,-42.75833,146.40609,acamuc
T139,-42.75833,146.40609,acamuc
T140,-42.75833,146.40609,acamuc
T141,-42.75833,146.40609,acamuc
T142,-42.75833,146.40609,acamuc
T143,-42.75833,146.40609,acamuc
T144,-42.75833,146.40609,acamuc
T145,-42.77492,146.39731,euc_sp
T146,-42.77492,146.39731,euc_sp
T147,-42.77492,146.39731,euc_sp
T148,-42.77492,146.39731,euc_sp
T149,-42.77492,146.39731,euc_sp
T150,-42.77492,146.39731,euc_sp
T151,-42.77492,146.39731,euc_sp
T152,-42.77492,146.39731,euc_sp
T153,-42.77492,146.39731,euc_sp
T154,-42.77492,146.39731,euc_sp
T155,-42.77492,146.39731,euc_sp
T156,-42.77492,146.39731,euc_sp
T157,-43.03746,146.27668,euc_sp
T158,-43.03746,146.27668,euc_sp
T159,-43.03746,146.27668,euc_sp
T160,-43.03746,146.27668,euc_sp
T161,-43.03746,146.27668,euc_sp
T162,-43.03746,146.27668,euc_sp
T163,-43.03746,146.27668,euc_sp
T164,-43.03746,146.27668,euc_sp
T165,-43.03746,146.27668,euc_sp
T166,-43.03746,146.27668,euc_sp
T167,-43.03746,146.27668,euc_sp
T168,-43.03746,146.27668,euc_sp
T169,-42.8358,146.37903,teltru
T170,-42.8358,146.37903,teltru
T171,-42.8358,146.37903,teltru
T172,-42.8358,146.37903,teltru
T173,-42.8358,146.37903,teltru
T174,-42.8358,146.37903,teltru
T175,-42.8358,146.37903,teltru
T176,-42.8358,146.37903,teltru
T177,-42.8358,146.37903,teltru
T178,-42.8358,146.37903,teltru
T179,-42.8358,146.37903,teltru
T180,-42.8358,146.37903,teltru
T181,-43.03746,146.27668,agaodo
T182,-43.03746,146.27668,agaodo
T183,-43.03746,146.27668,agaodo
T184,-43.03746,146.27668,agaodo
T185,-43.03746,146.27668,agaodo
T186,-43.03746,146.27668,agaodo
T187,-43.03746,146.27668,agaodo
T188,-43.03746,146.27668,agaodo
T189,-43.03746,146.27668,agaodo
T190,-43.03746,146.27668,agaodo
T191,-43.03746,146.27668,agaodo
T192,-43.03746,146.27668,agaodo
T193,-42.75833,146.40609,cennit
T194,-42.75833,146.40609,cennit
T195,-42.75833,146.40609,cennit
T196,-42.75833,146.40609,cennit
T197,-42.75833,146.40609,cennit
T198,-42.75833,146.40609,cennit
T199,-42.75833,146.40609,cennit
T200,-42.75833,146.40609,cennit
T201,-42.75833,146.40609,cennit
T202,-42.75833,146.40609,cennit
T203,-42.75833,146.40609,cennit
T204,-42.75833,146.40609,cennit
T205,-42.38635,147.05113,perjun
T206,-42.38635,147.05113,perjun
T207,-42.38635,147.05113,perjun
T208,-42.38635,147.05113,perjun
T209,-42.38635,147.05113,perjun
T210,-42.38635,147.05113,perjun
T211,-42.38635,147.05113,perjun
T212,-42.38635,147.05113,perjun
T213,-42.38635,147.05113,perjun
T214,-42.38635,147.05113,perjun
T215,-42.38635,147.05113,perjun
T216,,,NA
T217,-42.38268,147.06002,eucten
T218,-42.38268,147.06002,eucten
T219,-42.38268,147.06002,eucten
T220,-42.38268,147.06002,eucten
T221,-42.38268,147.06002,eucten
T222,-42.38268,147.06002,eucten
T223,-42.38268,147.06002,eucten
T224,-42.38268,147.06002,eucten
T225,-42.38268,147.06002,eucten
T226,-42.38268,147.06002,eucten
T227,-42.38268,147.06002,eucten
T228,-42.38268,147.06002,eucten
T229,-42.38724,147.05174,banmar
T230,-42.38724,147.05174,banmar
T231,-42.38724,147.05174,banmar
T232,-42.38724,147.05174,banmar
T233,-42.38724,147.05174,banmar
T234,-42.38724,147.05174,banmar
T235,-42.38724,147.05174,banmar
T236,-42.38724,147.05174,banmar
T237,-42.38724,147.05174,banmar
T238,-42.38724,147.05174,banmar
T239,-42.38724,147.05174,banmar
T240,-42.38724,147.05174,banmar
T241,-42.38268,147.06002,eucrub
T242,-42.38268,147.06002,eucrub
T243,-42.38268,147.06002,eucrub
T244,-42.38268,147.06002,eucrub
T245,-42.38268,147.06002,eucrub
T246,-42.38268,147.06002,eucrub
T247,-42.38268,147.06002,eucrub
T248,-42.38268,147.06002,eucrub
T249,-42.38268,147.06002,eucrub
T250,-42.38268,147.06002,eucrub
T251,-42.38268,147.06002,eucrub
T252,-42.38268,147.06002,eucrub
T253,-42.38633,147.05022,acadea
T254,-42.38633,147.05022,acadea
T255,-42.38633,147.05022,acadea
T256,-42.38633,147.05022,acadea
T257,-42.38633,147.05022,acadea
T258,-42.38633,147.05022,acadea
T259,-42.38633,147.05022,acadea
T260,-42.38633,147.05022,acadea
T261,-42.38633,147.05022,acadea
T262,-42.14309,148.29854,conhoo
T263,-42.14309,148.29854,conhoo
T264,-42.14309,148.29854,conhoo
T265,-42.14309,148.29854,conhoo
T265,-42.14309,148.29854,conhoo
T266,-42.14309,148.29854,conhoo
T267,-42.14309,148.29854,conhoo
T268,-42.14309,148.29854,conhoo
T269,-42.14309,148.29854,conhoo
T269,-42.14309,148.29854,conhoo
T270,-42.14309,148.29854,conhoo
T271,-42.14309,148.29854,conhoo
T272,-42.14309,148.29854,conhoo
T273,-42.14309,148.29854,conhoo
T273,-42.14309,148.29854,conhoo
T274,-42.1161,148.33585,banmar
T275,-42.1161,148.33585,banmar
T276,-42.1161,148.33585,banmar
T277,-42.1161,148.33585,banmar
T278,-42.1161,148.33585,banmar
T279,-42.1161,148.33585,banmar
T280,-42.1161,148.33585,banmar
T281,-42.1161,148.33585,banmar
T282,-42.1161,148.33585,banmar
T283,-42.1161,148.33585,banmar
T284,-42.1161,148.33585,banmar
T285,-42.1161,148.33585,banmar
T286,-42.10667,148.33655,acamel
T287,-42.10667,148.33655,acamel
T288,-42.10667,148.33655,acamel
T289,-42.10667,148.33655,acamel
T289,-42.10667,148.33655,acamel
T290,-42.10667,148.33655,acamel
T291,-42.10667,148.33655,acamel
T292,-42.10667,148.33655,acamel
T293,-42.10667,148.33655,acamel
T293,-42.10667,148.33655,acamel
T294,-42.10667,148.33655,acamel
T295,-42.10667,148.33655,acamel
T296,-42.10667,148.33655,acamel
T297,-42.10667,148.33655,acamel
T297,-42.10667,148.33655,acamel
T298,-42.12261,148.34306,acater
T299,-42.12261,148.34306,acater
T300,-42.12261,148.34306,acater
T301,-42.12261,148.34306,acater
T302,-42.12261,148.34306,acater
T303,-42.12261,148.34306,acater
T304,-42.12261,148.34306,acater
T305,-42.12261,148.34306,acater
T306,-42.12261,148.34306,acater
T307,-42.12251,148.34189,hakmeg
T308,-42.12251,148.34189,hakmeg
T309,-42.12251,148.34189,hakmeg
T310,-42.12251,148.34189,hakmeg
T311,-42.12251,148.34189,hakmeg
T312,-42.12251,148.34189,hakmeg
T313,-42.12251,148.34189,hakmeg
T314,-42.12251,148.34189,hakmeg
T315,-42.12251,148.34189,hakmeg
T316,-42.12251,148.34189,hakmeg
T317,-42.12251,148.34189,hakmeg
T318,-42.12251,148.34189,hakmeg
T319,-42.12299,148.34204,eucamy
T320,-42.12299,148.34204,eucamy
T321,-42.12299,148.34204,eucamy
T322,-42.12299,148.34204,eucamy
T323,-42.12299,148.34204,eucamy
T324,-42.12299,148.34204,eucamy
T325,-42.12299,148.34204,eucamy
T326,-42.12299,148.34204,eucamy
T327,-42.12299,148.34204,eucamy
T328,-42.12299,148.34204,eucamy
T329,-42.12299,148.34204,eucamy
T330,-42.12299,148.34204,eucamy
T331,-42.12299,148.34204,eucglo
T332,-42.12299,148.34204,eucglo
T333,-42.12299,148.34204,eucglo
T334,-42.12299,148.34204,eucglo
T335,-42.12299,148.34204,eucglo
T336,-42.12299,148.34204,eucglo
T337,-42.12299,148.34204,eucglo
T338,-42.12299,148.34204,eucglo
T339,-42.12299,148.34204,eucglo
T340,-42.12299,148.34204,eucglo
T341,-42.12299,148.34204,eucglo
T342,-42.12299,148.34204,eucglo
T343,-42.84638,147.43151,acadec
T344,-42.84638,147.43151,acadec
T345,-42.84638,147.43151,acadec
T346,-42.84638,147.43151,acadec
T347,-42.84638,147.43151,acadec
T348,-42.84638,147.43151,acadec
T349,-42.84638,147.43151,acadec
T350,-42.84638,147.43151,acadec
T351,-42.84638,147.43151,acadec
T352,-43.04191,147.95053,lomtin
T353,-43.04191,147.95053,lomtin
T354,-43.04191,147.95053,lomtin
T355,-43.04191,147.95053,lomtin
T356,-43.04191,147.95053,lomtin
T357,-43.04191,147.95053,lomtin
T358,-43.04191,147.95053,lomtin
T359,-43.04191,147.95053,lomtin
T360,-43.04191,147.95053,lomtin
T361,-43.04191,147.95053,lomtin
T362,-43.0403,147.94647,acagen
T363,-43.0403,147.94647,acagen
T364,-43.0403,147.94647,acagen
T365,-43.0403,147.94647,acagen
T366,-43.0403,147.94647,acagen
T367,-43.0403,147.94647,acagen
T368,-43.0403,147.94647,acagen
T369,-43.0403,147.94647,acagen
T369,-43.0403,147.94647,acagen
T370,-43.0403,147.94647,acagen
T371,-43.0403,147.94647,acagen
T372,-42.84638,147.43151,eucrub
T373,-42.84638,147.43151,eucrub
T374,-42.84638,147.43151,eucrub
T375,-42.84638,147.43151,eucrub
T376,-42.84638,147.43151,eucrub
T377,-42.84638,147.43151,eucrub
T378,-42.84638,147.43151,eucrub
T379,-42.84638,147.43151,eucrub
T380,-42.84638,147.43151,eucrub
T381,-42.84638,147.43151,eucrub
T381,-42.84638,147.43151,eucrub
T382,-42.84638,147.43151,eucrub
T383,-42.84638,147.43151,eucrub
T384,-42.84732,147.43592,acalon
T385,-42.84732,147.43592,acalon
T386,-42.84732,147.43592,acalon
T387,-42.84732,147.43592,acalon
T388,,,NA
T389,-42.84732,147.43592,acalon
T390,-42.84732,147.43592,acalon
T391,-42.84732,147.43592,acalon
T392,-42.84732,147.43592,acalon
T393,-42.84732,147.43592,acalon
T394,-42.84732,147.43592,acalon
T395,-42.84732,147.43592,acalon
T396,-42.84732,147.43592,acalon
T397,-43.04191,147.95053,eucten
T398,-43.04191,147.95053,eucten
T399,-43.04191,147.95053,eucten
T400,-43.04191,147.95053,eucten
T401,-43.04191,147.95053,eucten
T401,-43.04191,147.95053,eucten
T402,-43.04191,147.95053,eucten
T403,-43.04191,147.95053,eucten
T404,-43.04191,147.95053,eucten
T405,-43.04191,147.95053,eucten
T406,-43.04191,147.95053,eucten
T407,-43.04191,147.95053,eucten
T408,-43.04191,147.95053,eucten
YG001,-32.78244,150.92318,gremuc
YG002,-32.78244,150.92318,gremuc
YG003,-32.78244,150.92318,gremuc
YG004,-32.78244,150.92318,gremuc
YG005,-32.78244,150.92318,perlin
YG006,-32.78244,150.92318,perlin
YG007,-32.78244,150.92318,perlin
YG008,-32.78244,150.92318,perlin
YG009,-32.78244,150.92318,acapar
YG010,-32.78244,150.92318,acapar
YG011,-32.78244,150.92318,acapar
YG012,-32.78244,150.92318,podili
YG013,-32.78244,150.92318,podili
YG014,-32.78244,150.92318,podili
YG015,-32.78244,150.92318,podili
YG016,-32.78244,150.92318,angcos
YG017,-32.78244,150.92318,angcos
YG018,-32.78244,150.92318,angcos
YG019,-32.78244,150.92318,angcos
YG020,-32.78244,150.92318,euccre
YG021,-32.78244,150.92318,euccre
YG022,-32.78244,150.92318,euccre
YG023,-32.78244,150.92318,euccre
YG024,,,NA
YG025,,,NA
YG026,,,NA
YG027,,,NA
YG032,-32.7817,150.9291,acaimp
YG033,-32.7817,150.9291,acaimp
YG034,-32.7817,150.9291,acaimp
YG035,-32.7817,150.9291,acaimp
YG036,-32.78244,150.92318,breobl
YG037,-32.78244,150.92318,breobl
YG038,-32.78244,150.92318,breobl
YG039,-32.78244,150.92318,breobl
YG040,-32.78244,150.92318,breobl
YG041,-32.78244,150.92318,breobl
YG042,-32.78244,150.92318,eucpun
YG043,-32.78244,150.92318,eucpun
YG044,-32.78244,150.92318,eucpun
YG045,-32.78244,150.92318,eucpun
YG046,,,NA
YG047,,,NA
YG048,,,NA
YG049,,,NA
YG050,,,NA
YG051,,,NA
YG052,,,NA
YG053,,,NA
YG054,-32.78244,150.92318,euccre
YG055,-32.78244,150.92318,euccre
YG056,-32.78244,150.92318,euccre
YG057,-32.78244,150.92318,euccre
YG058,-32.78244,150.92318,gremuc
YG059,-32.78244,150.92318,gremuc
YG060,-32.78244,150.92318,gremuc
YG061,-32.78244,150.92318,gremuc
YG062,-32.78244,150.92318,acapar
YG063,-32.78244,150.92318,acapar
YG064,-32.78244,150.92318,acapar
YG065,-32.78244,150.92318,perlin
YG066,-32.78244,150.92318,perlin
YG067,-32.78244,150.92318,perlin
YG068,-32.78244,150.92318,perlin
YG069,-32.78244,150.92318,eucspa
YG070,-32.78244,150.92318,eucspa
YG071,-32.78244,150.92318,eucspa
YG072,-32.78244,150.92318,eucspa
YG073,-32.78244,150.92318,eucpun
YG074,-32.78244,150.92318,eucpun
YG075,-32.78244,150.92318,eucpun
YG076,-32.78244,150.92318,eucpun
YG077,-32.78244,150.92318,eucpun
YG078,-32.78244,150.92318,angcos
YG079,-32.78244,150.92318,angcos
YG080,-32.78244,150.92318,angcos
YG081,-32.78244,150.92318,angcos
YG082,-32.78244,150.92318,angcos
YG083,-32.78244,150.92318,euccre
YG084,-32.78244,150.92318,euccre
YG085,-32.78244,150.92318,euccre
YG086,-32.78244,150.92318,euccre
YG087,-32.7817,150.9291,acabin
YG088,-32.7817,150.9291,acabin
YG089,-32.7817,150.9291,acabin
YG090,-32.7817,150.9291,acabin
YG091,-32.7817,150.9291,acafal
YG092,-32.7817,150.9291,acafal
YG093,-32.7817,150.9291,acafal
YG094,-32.7817,150.9291,acafal
YG095,-32.7817,150.9291,acaimp
YG096,-32.7817,150.9291,acaimp
YG097,-32.7817,150.9291,acaimp
YG098,-32.7817,150.9291,acaimp
YG099,-32.78244,150.92318,acapar
YG100,-32.78244,150.92318,acapar
YG101,-32.78244,150.92318,acapar
YG102,-32.7817,150.9291,acabin
YG103,-32.7817,150.9291,acabin
YG104,-32.7817,150.9291,acabin
YG105,-32.7817,150.9291,acabin
YG106,-32.7817,150.9291,acafal
YG107,-32.7817,150.9291,acafal
YG108,-32.7817,150.9291,acafal
YG109,-32.7817,150.9291,acafal
YG110,-32.78244,150.92318,perlin
YG111,-32.78244,150.92318,perlin
YG112,-32.78244,150.92318,perlin
YG113,-32.78244,150.92318,perlin
YG114,-32.7817,150.9291,acaimp
YG115,-32.7817,150.9291,acaimp
YG116,-32.7817,150.9291,acaimp
YG117,-32.7817,150.9291,acaimp
YG118,-32.78244,150.92318,eucspa
YG119,-32.78244,150.92318,eucspa
YG120,-32.78244,150.92318,eucspa
YG121,-32.78244,150.92318,eucspa
YG122,-32.78244,150.92318,angcos
YG123,-32.78244,150.92318,angcos
YG124,-32.78244,150.92318,angcos
YG125,-32.78244,150.92318,angcos
YG126,-32.78244,150.92318,eucpun
YG127,-32.78244,150.92318,eucpun
YG128,-32.78244,150.92318,eucpun
YG129,-32.78244,150.92318,eucpun
YG130,-32.78244,150.92318,gremuc
YG131,-32.78244,150.92318,gremuc
YG132,-32.78244,150.92318,gremuc
YG133,-32.78244,150.92318,gremuc
YG134,-32.78244,150.92318,eucspa
YG135,-32.78244,150.92318,eucspa
YG136,-32.78244,150.92318,eucspa
YG137,-32.78244,150.92318,eucspa
YG138,-32.7817,150.9291,acabin
YG139,-32.7817,150.9291,acabin
YG140,-32.7817,150.9291,acabin
YG141,-32.7817,150.9291,acabin
YG142,-32.7817,150.9291,acafal
YG143,-32.7817,150.9291,acafal
YG144,-32.7817,150.9291,acafal
YG145,-32.7817,150.9291,acafal
YG146,-32.7817,150.9291,acafal
YG147,-32.7817,150.9291,acafal
YG148,-32.7817,150.9291,acaimp
YG149,-32.7817,150.9291,acaimp
YG150,-32.7817,150.9291,acaimp
YG151,-32.7817,150.9291,acaimp
YG152,-32.7817,150.9291,acaimp
YG153,-32.7817,150.9291,acaimp
YG154,-32.7817,150.9291,acaimp
YG155,-32.7817,150.9291,acabin
YG156,-32.7817,150.9291,acabin
YG157,-32.7817,150.9291,acabin
YG158,-32.7817,150.9291,acabin
YG159,-32.7817,150.9291,acafal
YG160,-32.7817,150.9291,acafal
YG161,-32.7817,150.9291,acafal
YG162,-32.7817,150.9291,acafal
YG163,-33.045,150.68326,grebux
YG164,-33.045,150.68326,grebux
YG165,-33.045,150.68326,grebux
YG166,-33.045,150.68326,grebux
YG167,-33.045,150.68326,corexi
YG168,-33.045,150.68326,corexi
YG169,-33.045,150.68326,corexi
YG170,-33.045,150.68326,corexi
YG171,-33.045,150.68326,hakdac
YG172,-33.045,150.68326,hakdac
YG173,-33.045,150.68326,hakdac
YG174,-33.045,150.68326,hakdac
YG175,-33.045,150.68326,perlan
YG176,-33.045,150.68326,perlan
YG177,-33.045,150.68326,perlan
YG178,-33.045,150.68326,grebux
YG179,-33.045,150.68326,grebux
YG180,-33.045,150.68326,grebux
YG181,-33.045,150.68326,grebux
YG182,-33.045,150.68326,perlan
YG183,-33.045,150.68326,perlan
YG184,-33.045,150.68326,perlan
YG185,-33.045,150.68326,corexi
YG186,-33.045,150.68326,corexi
YG187,-33.045,150.68326,corexi
YG188,-33.045,150.68326,corexi
YG189,-33.045,150.68326,hakdac
YG190,-33.045,150.68326,hakdac
YG191,-33.045,150.68326,hakdac
YG192,-33.045,150.68326,hakdac
YG193,-33.045,150.68326,hakdac
YG194,-33.045,150.68326,grebux
YG195,-33.045,150.68326,grebux
YG196,-33.045,150.68326,grebux
YG197,-33.045,150.68326,grebux
YG198,,,NA
YG199,-33.045,150.68326,perlan
YG200,-33.045,150.68326,perlan
YG201,-33.045,150.68326,corexi
YG202,-33.045,150.68326,corexi
YG203,-33.045,150.68326,corexi
YG203,-33.045,150.68326,corexi
YG204,-33.045,150.68326,corexi
YG205,-33.045,150.68326,hakdac
YG206,-33.045,150.68326,hakdac
YG207,-33.045,150.68326,hakdac
YG208,-33.045,150.68326,hakdac
YG209,-33.045,150.68326,perlan
